protein_id,seq_hash,aro_name
PROT_000000,64f9e32ebe29,MexA
PROT_000001,e9bcc40ac78b,MexB
PROT_000002,06ca28c3693c,OprM
PROT_000003,a9227fae89bc,OpmD
PROT_000004,38329a736c34,MexI
PROT_000005,da679a57529c,MexH
PROT_000006,065eafd9f15f,MexG
PROT_000007,f70ef364b79b,APH(3')-IIb
PROT_000008,30461ebcfe34,PDC-103
PROT_000009,6400d008a1a4,MexJ
PROT_000010,1b458545d769,MexK
PROT_000011,821ebdbb6c43,ArnT
PROT_000012,2faeea9b2aca,arnA
PROT_000013,132dc3198530,cprR
PROT_000014,b40c089d4de9,OpmB
PROT_000015,708233d91b55,OprN
PROT_000016,37217aaf8d4c,MexF
PROT_000017,90ea7d7354fb,MexE
PROT_000018,a44abd5fa016,mexY
PROT_000019,49fcb6f7158b,FosA
PROT_000020,816caf8a879a,MexV
PROT_000021,270e989e04ae,MexW
PROT_000022,22b116910d1c,OprJ
PROT_000023,32f948ec05ba,MexD
PROT_000024,f9be9a346d00,MexC
PROT_000025,652d2162c406,basS
PROT_000026,db7be9ca466a,OpmH
PROT_000027,3ff056049c28,OXA-50
PROT_000028,4733937d872a,Pseudomonas aeruginosa parE conferring resistance to fluoroquinolones
PROT_000029,eef0b1b6d323,MexR
PROT_000030,b633a4116776,nalC
PROT_000031,5c37ad461cd3,nalD
PROT_000032,1905d5de5903,MexT
PROT_000033,7a37a634980b,MexS
PROT_000034,cf90b2172f06,MexZ
PROT_000035,682e56cd29a5,Type B NfxB
PROT_000036,7a32f7392dfd,MexJ
PROT_000037,38d5b4ad8885,MexK
PROT_000038,ade406b140cb,ArnT
PROT_000039,ec3526294c44,arnA
PROT_000040,bf2d815fbdb1,MexA
PROT_000041,c230cc5f7f50,MexB
PROT_000042,d356592d5be0,OpmD
PROT_000043,5b83b31b39bd,MexI
PROT_000044,09b4c664c89e,MexH
PROT_000045,7c988d42fc8d,MexD
PROT_000046,8916826e5b9a,OpmB
PROT_000047,cde3dbada3af,OprN
PROT_000048,4c44560889b1,MexF
PROT_000049,f26043759ad0,mexY
PROT_000050,d1d4271b4e8b,APH(3')-IIb
PROT_000051,667e21bdb7e5,PDC-5
PROT_000052,d67e7642da4c,FosA
PROT_000053,91b804ec6401,OXA-494
PROT_000054,dcfc40db2507,nalC
PROT_000055,2a4404b3476d,nalD
PROT_000056,e17aebd2750e,Type B NfxB
PROT_000057,7885aa90a305,mexY
PROT_000058,e8906782dd93,APH(3')-IIb
PROT_000059,9cf57c001449,arnA
PROT_000060,85bc198c3cf5,MexD
PROT_000061,739c7a321aa9,OpmH
PROT_000062,4e559c508069,OXA-395
PROT_000063,c4ff1ad33bda,basS
PROT_000064,d8ed143e14a9,MexW
PROT_000065,5d59f68ba12f,MexK
PROT_000066,cf51a9a56bb4,MexJ
PROT_000067,5bd688a102f5,OpmD
PROT_000068,f951ad42c776,Pseudomonas aeruginosa gyrA conferring resistance to fluoroquinolones
PROT_000069,5ead0ef1141e,MexZ
PROT_000070,4ce6bf95a7fa,MexS
PROT_000071,53798a33c4e6,MexR
PROT_000072,684fc83e131d,APH(3')-IIb
PROT_000073,e10e3a8872c0,MexK
PROT_000074,76ee84500a3d,MexJ
PROT_000075,d477d3b59e0e,PDC-16
PROT_000076,9d94e8829cda,ArnT
PROT_000077,ef4dba9d18bc,arnA
PROT_000078,0cd0e5d21b5d,MexV
PROT_000079,bce7c3157cce,MexW
PROT_000080,16c2ab37b89f,OpmD
PROT_000081,b8236e9c5039,MexH
PROT_000082,3d78a4f4ac4f,OprJ
PROT_000083,99a5e48f472f,MexC
PROT_000084,0f510c83602b,MexE
PROT_000085,987d487f220a,mexY
PROT_000086,2254924f3fe9,OXA-848
PROT_000087,687ce0a6529a,OpmH
PROT_000088,5dd0092767d3,nalC
PROT_000089,1cdaf76f6a18,OprJ
PROT_000090,bdd946468cdf,MexD
PROT_000091,c07b5a418945,MexE
PROT_000092,5a58f2036eae,PDC-3
PROT_000093,c57c91c479ee,MexJ
PROT_000094,b11ca8332f0d,MexV
PROT_000095,94ba42d7a405,MexW
PROT_000096,1ac97dacd663,OpmB
PROT_000097,b1c3af0b4d81,OpmH
PROT_000098,de7a64c24ece,OpmD
PROT_000099,2f03826e39ef,MexI
PROT_000100,ea014272c3e1,ArnT
PROT_000101,53cd80bc066f,OXA-486
PROT_000102,3a4aaa46681e,MexS
PROT_000103,98a694168cf9,MexT
PROT_000104,2772c3b70e44,nalC
PROT_000105,dac5fe16e441,nalD
PROT_000106,b7ab6098a0a9,mexY
PROT_000107,12af043c4754,ArnT
PROT_000108,1a231038dd9c,OpmB
PROT_000109,b1c7dc343f92,APH(3')-IIb
PROT_000110,7df0fd1ed87c,OXA-1281
PROT_000111,4ce8c990e8f6,basS
PROT_000112,54a6d2508b5d,MexK
PROT_000113,17466b74b666,ArnT
PROT_000114,42feb2f460f0,arnA
PROT_000115,7684e0a8e272,MexV
PROT_000116,82d8c977f8e5,mexY
PROT_000117,28fe6c266f40,OprJ
PROT_000118,39215850068a,MexD
PROT_000119,102da883b1b3,MexC
PROT_000120,5bf682d96958,MexR
PROT_000121,16e963e52d53,nalC
PROT_000122,8db140ad4268,OprJ
PROT_000123,ad0a558a0560,MexD
PROT_000124,975f1c291c59,MexW
PROT_000125,da27f879d4e9,MexV
PROT_000126,27e40a9411fc,OpmB
PROT_000127,c61e33f5f6be,OprN
PROT_000128,d75ecea4e7d6,arnA
PROT_000129,9b6c5f0e3257,ArnT
PROT_000130,6192839793a3,OXA-488
PROT_000131,2257d62b2467,OprM
PROT_000132,55f4a0039354,MexH
PROT_000133,a25891c05c0a,APH(3')-IIb
PROT_000134,3ea1e8e0a82d,PDC-37
PROT_000135,df4ecbf23675,MexS
PROT_000136,d14b9b0b67d5,ArnT
PROT_000137,3b7ea2ab7d0d,MexD
PROT_000138,ff0d915feb1a,Pseudomonas aeruginosa gyrA conferring resistance to fluoroquinolones
PROT_000139,c8749867002c,MexZ
PROT_000140,921a50f21a0a,OprM
PROT_000141,acea973f7aa4,arnA
PROT_000142,82b82f5ac023,ArnT
PROT_000143,0faa83cef58f,OXA-494
PROT_000144,6991772febe3,OprJ
PROT_000145,7612cc62be27,MexF
PROT_000146,5bab396b1fc4,MexW
PROT_000147,9d2aee9fbd1a,MexK
PROT_000148,9b16bdfe9df2,MexJ
PROT_000149,5dc84ab9db08,PDC-1
PROT_000150,d79d63d1208e,MexR
PROT_000151,bff40f63a26e,mexY
PROT_000152,30f16f199f2a,MexH
PROT_000153,f33b584ed53c,MexJ
PROT_000154,cdc41649b5a1,MexC
PROT_000155,2f4b0a555474,APH(3')-IIb
PROT_000156,40272b105a56,MexW
PROT_000157,eff10d2d781f,ArnT
PROT_000158,324b4e6c13af,arnA
PROT_000159,79fa9644a796,nalD
PROT_000160,9a961f3b1c91,MexW
PROT_000161,04a389e476bc,OXA-906
PROT_000162,8fec293dcebe,arnA
PROT_000163,3d2e5299aea5,OprN
PROT_000164,9b6ab622a09a,MexC
PROT_000165,f20265dced13,mexY
PROT_000166,ff87e80dedf4,MexZ
PROT_000167,50ef7f5f8cbc,MexR
PROT_000168,65cab9aaa358,MexD
PROT_000169,8aac5b9e59ba,MexC
PROT_000170,1525a7287ac5,APH(3')-IIb
PROT_000171,253860942a39,PDC-19a
PROT_000172,c8610119d928,basS
PROT_000173,425536d7fe65,MexB
PROT_000174,4eff4c4aec37,OprN
PROT_000175,75f9b374dc3c,MexH
PROT_000176,9550c9c8e024,MexG
PROT_000177,18b4084b81a5,arnA
PROT_000178,44879639ca56,ArnT
PROT_000179,b4bc9dd9c89f,MexK
PROT_000180,0ae0c4814662,vanT gene in vanG cluster
PROT_000181,406b2b6170f5,MexZ
PROT_000182,8717dec2b7a0,nalC
PROT_000183,da469235e15d,OpmD
PROT_000184,110f6264afc2,OprN
PROT_000185,d2d23c5ee0de,MexI
PROT_000186,4e5e2a071d17,MexK
PROT_000187,94b6a3bff464,MexB
PROT_000188,0ce73d39982b,PDC-609
PROT_000189,798900e01d39,MexV
PROT_000190,74a15e71e1aa,mexY
PROT_000191,b9e36d951a0a,MexZ
PROT_000192,fd8eb8fce310,OprJ
PROT_000193,32711c28ba10,OpmH
PROT_000194,61020481a5ef,ArnT
PROT_000195,bc8aa77b42c4,arnA
PROT_000196,8e49c9b97ce6,mexY
PROT_000197,413144a6101e,OpmH
PROT_000198,db6e1de8541a,mexY
PROT_000199,48b846cfeafa,OXA-904
PROT_000200,b89048e8a2cd,PDC-301
PROT_000201,0ce1f14d140c,MexV
PROT_000202,256100512064,MexB
PROT_000203,76753b768251,OprM
PROT_000204,40fc8e1e22dc,MexH
PROT_000205,9120d0fc005b,MexI
PROT_000206,b15fd8921d9b,OpmD
PROT_000207,d8381c97e7c1,MexK
PROT_000208,c39b85460fa4,arnA
PROT_000209,e0974e89e0de,basS
PROT_000210,14758ee2676c,ArnT
PROT_000211,6273db97da52,mexY
PROT_000212,4a8f4ed84bf7,MexD
PROT_000213,de5ff7dddccd,MexS
PROT_000214,ed9cae1a10e9,nalC
PROT_000215,631acb6c1fe7,OXA-1014
PROT_000216,f8da4b5c7655,MexA
PROT_000217,4a3ea3927ef3,ArnT
PROT_000218,dffd3ef469ba,OpmD
PROT_000219,5a440f06960f,ArnT
PROT_000220,bb085f566a53,PDC-24
PROT_000221,a7a6dc862315,MexW
PROT_000222,ca841f91bf66,MexD
PROT_000223,63879940e500,nalC
PROT_000224,277d90dbcdcc,MexW
PROT_000225,f4fdc5ea8bdd,OprJ
PROT_000226,5b47fa06d1d2,PDC-46
PROT_000227,517c232591b6,MexI
PROT_000228,2ca6a763f45f,OXA-901
PROT_000229,90a6ce1b7365,ArnT
PROT_000230,9481c753650d,vanT gene in vanG cluster
PROT_000231,f97abbce1f2f,Type B NfxB
PROT_000232,0b842e2952c3,OpmB
PROT_000233,a184068ee3a6,MexE
PROT_000234,0df2d3b642b7,arnA
PROT_000235,392f6026a079,ArnT
PROT_000236,5ad4751f5601,OprM
PROT_000237,ca1fd6ead03a,mexY
PROT_000238,b87787fab4cd,basS
PROT_000239,433c18078780,OpmD
PROT_000240,3823c2e9017c,nalD
PROT_000241,961a30186339,MexZ
PROT_000242,cdfaef303e94,FosA
PROT_000243,cb86c42c9487,MexD
PROT_000244,35743353bfd3,OprJ
PROT_000245,451dd1c53a7a,MexW
PROT_000246,cf53a8703895,OXA-396
PROT_000247,dfb168cc4c23,PDC-8
PROT_000248,d53cbb38f716,OpmD
PROT_000249,2140f15fd2a7,MexB
PROT_000250,3c890a71aee9,OpmD
PROT_000251,84cd85427441,MexK
PROT_000252,e520881c7e0e,MexV
PROT_000253,d84138c6af5b,MexD
PROT_000254,d2a57162487d,MexC
PROT_000255,691103192003,OpmH
PROT_000256,3db47c4e2991,vanT gene in vanG cluster
PROT_000257,9debc7c31ef1,APH(3')-IIb
PROT_000258,fa9fe9d90b7b,ArnT
PROT_000259,18aad4ae1ca6,nalC
PROT_000260,57eb8b760630,Type B NfxB
PROT_000261,b04809501403,MexR
PROT_000262,62fe81e7247c,MexB
PROT_000263,707b2b3416c0,mexY
PROT_000264,cd827c096080,cprR
PROT_000265,f84b6a80fd73,FosA
PROT_000266,f71c3d4b214c,ArnT
PROT_000267,3c4e66951373,MexJ
PROT_000268,2480ab8a477c,PDC-12
PROT_000269,4a6b466aceee,APH(3')-IIb
PROT_000270,abfbe0eb95c7,MexH
PROT_000271,a30d44b487d7,OpmD
PROT_000272,9da5531cd5f6,OprJ
PROT_000273,d1b39f8493c3,MexD
PROT_000274,7888ec360f19,MexC
PROT_000275,2cb25df32d66,MexB
PROT_000276,b54dbfe1f823,OprN
PROT_000277,659cd7affdcb,ArnT
PROT_000278,95cb918da39d,MexK
PROT_000279,63b007d76374,PDC-34
PROT_000280,bf9cc41f8b95,APH(3')-IIb
PROT_000281,b5b41ff8bb76,MexH
PROT_000282,8bcbb9c8e2a6,OpmD
PROT_000283,e6231d66b0ee,MexD
PROT_000284,e46660be772a,MexC
PROT_000285,5e66a843b1b5,MexZ
PROT_000286,fd42a0e3ae9d,nalD
PROT_000287,f377a8451805,AAC(3)-Id
PROT_000288,86eb33037c15,FosA
PROT_000289,411e0749c9ae,VIM-2
PROT_000290,ecda8ba545e8,AAC(6')-Il
PROT_000291,9320b081c924,basS
PROT_000292,836315cb6593,Pseudomonas aeruginosa gyrA conferring resistance to fluoroquinolones
PROT_000293,901c8eb853f3,nalC
PROT_000294,b5f09144bc29,ArnT
PROT_000295,a01186af2fe5,MexW
PROT_000296,04c26671d833,MexD
PROT_000297,6f0fcb544972,OXA-1026
PROT_000298,f350ee0a7e03,MexH
PROT_000299,70d079b9212a,MexI
PROT_000300,74e8ec5c7b1c,OprN
PROT_000301,4e28b6d55ce5,OpmB
PROT_000302,25a9184ba6c7,mexY
PROT_000303,d9900b3d3ebe,MexS
PROT_000304,893c5234953a,APH(3'')-Ib
PROT_000305,323b6abaa06d,APH(6)-Id
PROT_000306,bf6fa216d6f9,AAC(6')-Ib9
PROT_000307,d889eaa8ec8b,Pseudomonas aeruginosa gyrA conferring resistance to fluoroquinolones
PROT_000308,77782c4107fb,nalD
PROT_000309,3a2f2589465e,cprR
PROT_000310,fe791f907651,arnA
PROT_000311,eab6510fe068,ArnT
PROT_000312,daa3e9ccbc60,OpmB
PROT_000313,df7a62acf663,OprN
PROT_000314,e7d41c96c2b6,OpmD
PROT_000315,f1942e3b0b76,mexY
PROT_000316,5e43bf9d5e98,arnA
PROT_000317,1cb4bd00e35e,ArnT
PROT_000318,a57f3513c8f3,Pseudomonas aeruginosa gyrA conferring resistance to fluoroquinolones
PROT_000319,633c721ce39b,nalC
PROT_000320,4b644ca37fa0,OXA-1033
PROT_000321,739f84a41da4,MexD
PROT_000322,53cb835629af,OpmB
PROT_000323,35b24810da3a,MexH
PROT_000324,a892697f6fe7,OpmD
PROT_000325,dd71d61dfde8,nalC
PROT_000326,58e71141e27d,MexZ
PROT_000327,b29265f8b7dc,PDC-60
PROT_000328,663beda843c8,vanT gene in vanG cluster
PROT_000329,b16752083283,OpmH
PROT_000330,e7a819b82d54,MexA
PROT_000331,360539d0eb14,MexW
PROT_000332,4eb3b4a0931f,MexC
PROT_000333,91499f8f83f8,mexY
PROT_000334,d9c04a937477,MexK
PROT_000335,3863465d88fd,arnA
PROT_000336,87ef3dcb7395,OpmB
PROT_000337,c8c01fb4f7ba,MexC
PROT_000338,4db5348a5eac,OXA-904
PROT_000339,7d83bc72075e,Type B NfxB
PROT_000340,06e5d840a7b4,OprM
PROT_000341,dc6d53717671,FosA
PROT_000342,4b75e2abae77,MexK
PROT_000343,6daa49ed46c8,OpmD
PROT_000344,eb9762616839,APH(3')-IIb
PROT_000345,bd51ef10b0bf,MexW
PROT_000346,9f757b50c5bf,OXA-1025
PROT_000347,46fd7830ee8f,MexT
PROT_000348,afeb411ae4c5,MexZ
PROT_000349,892be0a2cdf6,ArnT
PROT_000350,c248be9ff839,mexY
PROT_000351,4ffddc5f146f,IMP-18
PROT_000352,e8852f0a4b8d,OXA-2
PROT_000353,eb329103b647,Pseudomonas aeruginosa gyrA conferring resistance to fluoroquinolones
PROT_000354,1f38553041ab,MexI
PROT_000355,fcf2a6a09ce1,MexK
PROT_000356,7fdcfe134300,ArnT
PROT_000357,0c18f1f3386a,arnA
PROT_000358,285ed34de1e3,NDM-1
PROT_000359,906cf38e8b3e,basS
PROT_000360,18f995fff067,MexZ
PROT_000361,5498fa0434d4,ArnT
PROT_000362,0c552d90aef5,vanT gene in vanG cluster
PROT_000363,52e4352bdd9c,PDC-35
PROT_000364,a14c10573f43,APH(3')-IIb
PROT_000365,b73f58120092,MexV
PROT_000366,3323fa0fdf2f,MexW
PROT_000367,88a3bfbbf641,AAC(6')-31
PROT_000368,9797b224732c,FosA
PROT_000369,a1b758db0269,MexE
PROT_000370,06813673464b,basS
PROT_000371,bc7afef0e679,MexD
PROT_000372,7d4a02f7ebde,MexR
PROT_000373,9e5a3da2a4bf,nalC
PROT_000374,79b049d8a29f,MexZ
PROT_000375,ebd8d336eb05,OXA-906
PROT_000376,460108f647f8,MexI
PROT_000377,48c67faf8c34,ArnT
PROT_000378,fee462c08057,arnA
PROT_000379,7de2d1a2433b,PDC-59
PROT_000380,95fe78f83f10,MexR
PROT_000381,93190dcafd93,nalC
PROT_000382,a679c653be00,MexI
PROT_000383,3509b89b16aa,ArnT
PROT_000384,137eb3614e06,OXA-1127
PROT_000385,e949f5c042ec,MexE
PROT_000386,81d8d3aabef9,OprJ
PROT_000387,f4721ec0405a,MexD
PROT_000388,5172e76936d6,Type B NfxB
PROT_000389,31872773ba7f,MexW
PROT_000390,bde84b38aa1c,OpmB
PROT_000391,a8f9756cbc94,ANT(2'')-Ia
PROT_000392,25dd235af44f,MexZ
PROT_000393,9dbc40169e8d,basS
PROT_000394,620b6b3ba261,arnA
PROT_000395,323405accb57,ArnT
PROT_000396,9ae8426742a6,MexH
PROT_000397,e682740608b7,PDC-39
PROT_000398,5c8bdbe69170,OprN
PROT_000399,bfca46e3dfdb,MexJ
PROT_000400,1fd5adadffeb,APH(3')-IIb
PROT_000401,75b18ec53cb9,PDC-30
PROT_000402,05c229455701,OprJ
PROT_000403,d96530b1a7c4,MexR
PROT_000404,b77569b9c4c9,OpmD
PROT_000405,07d5ecc8c019,MexH
PROT_000406,88c3535b92a4,APH(3')-IIb
PROT_000407,04aec11fdccf,arnA
PROT_000408,09149b94b9a8,MexV
PROT_000409,1e4b7569bab1,OXA-905
PROT_000410,29f33d8be6bc,nalC
PROT_000411,c007014a83a8,PDC-15
PROT_000412,d3e975adbb54,MexK
PROT_000413,d57e6097debb,ArnT
PROT_000414,eddf90f9abba,MexF
PROT_000415,cf9d3da3a5ca,MexR
PROT_000416,36395b2d96e5,MexZ
PROT_000417,799649f4bcf4,APH(6)-Id
PROT_000418,0677543426f1,OXA-10
PROT_000419,658205902d85,MexI
PROT_000420,49586893ab43,mexY
PROT_000421,d0a42512e620,AAC(6')-Ib9
PROT_000422,c62d060e6a53,MexD
PROT_000423,68cfa76a6309,MexF
PROT_000424,5430d01e59e8,PDC-36
PROT_000425,bb0f1df716ce,APH(3')-IIb
PROT_000426,8ef43d0fb7b8,OpmH
PROT_000427,048add8d0c13,ArnT
PROT_000428,174afb4fcfc9,AAC(3)-IId
PROT_000429,e6d3912e55ff,MexZ
PROT_000430,efb8974b3c3c,nalD
PROT_000431,ef4eec58a2dd,MexK
PROT_000432,67aeb5a6950e,MexB
PROT_000433,76a605f204ed,basS
PROT_000434,718843b4eaaa,vanT gene in vanG cluster
PROT_000435,1db9394e8045,OpmD
PROT_000436,fbeaf2596fcf,MexH
PROT_000437,290c2da0bdcd,MexG
PROT_000438,0de6ef46e609,APH(3')-IIb
PROT_000439,00e8546a4055,PDC-66
PROT_000440,be4e518c45a8,MexF
PROT_000441,14f8d331ce9d,OprN
PROT_000442,9e65318654e1,cprR
PROT_000443,2a1e06c4c050,OXA-1029
PROT_000444,8670a21f6f1f,OprJ
PROT_000445,bff44490ff47,MexD
PROT_000446,1f3c8d7f6de9,MexC
PROT_000447,0115026f75c4,ArnT
PROT_000448,fcf89656c617,arnA
PROT_000449,bc4c115ea78e,MexW
PROT_000450,b42635385e89,MexV
PROT_000451,37c6b0005305,MexZ
PROT_000452,15a40cb4cb23,nalC
PROT_000453,61ac61bb193a,MexR
PROT_000454,323ddb86404a,MexS
PROT_000455,e5c07cc24d80,Type B NfxB
PROT_000456,bbbb3cda6f7e,MexH
PROT_000457,29e221eeccd1,MexI
PROT_000458,9be7f8395d71,OpmD
PROT_000459,c24c766b923c,basS
PROT_000460,11b7bab7d5d0,MexW
PROT_000461,613d8388af4c,PDC-266
PROT_000462,5ea4403aa4c0,ArnT
PROT_000463,9f32bf885e1b,APH(3'')-Ib
PROT_000464,a8ee2f1661e4,nalD
PROT_000465,cf5134d43463,MexC
PROT_000466,7c1a3ca89f78,ArnT
PROT_000467,fb80d054758f,arnA
PROT_000468,23166b9e408f,mexY
PROT_000469,b177962ae0bd,MexB
PROT_000470,49e44563d485,MexA
PROT_000471,b98ac7b050c6,PDC-374
PROT_000472,7cf195ad1a15,ArnT
PROT_000473,9b00e3c5fe56,OXA-1028
PROT_000474,3ce786898b88,MexV
PROT_000475,60c2a7ce9a3c,MexC
PROT_000476,cf8366e46e85,OXA-850
PROT_000477,33203756c14c,OpmD
PROT_000478,d47def725c42,MexC
PROT_000479,1aff3e875042,MexD
PROT_000480,7a443624af4d,arnA
PROT_000481,938693a480d1,MexA
PROT_000482,df7faea418ad,arnA
PROT_000483,c8faa5fe7e0e,MexW
PROT_000484,4214c1104579,mexY
PROT_000485,b168105cb515,FosA
PROT_000486,e5a2449d81fa,OXA-847
PROT_000487,05dd737240c9,MexH
PROT_000488,bf9fe37912ee,ArnT
PROT_000489,af9f569a37df,MexT
PROT_000490,cd2d1209a927,APH(3')-VIa
PROT_000491,c402b8901ee2,MexI
PROT_000492,27f525e9d5d4,FosA
PROT_000493,9381def23477,MexD
PROT_000494,d8d23f6cf714,OpmB
PROT_000495,f04fc72c2e6c,MexH
PROT_000496,fa84b2bacfde,OpmD
PROT_000497,523b30cc5470,MexK
PROT_000498,a97c09307d02,MexB
PROT_000499,be85e1ef8f2f,MexA
PROT_000500,b6270041f365,MexC
PROT_000501,55cfd162772a,MexE
PROT_000502,4cad27e15df8,OXA-1035
PROT_000503,cc1c33a2c830,ArnT
PROT_000504,cde1e7e66a97,AAC(6')-Ib10
PROT_000505,7bc70b3f3f19,MexG
PROT_000506,2bc7ae9234f2,MexH
PROT_000507,d4449bce34ab,MexI
PROT_000508,ead262f651e4,cprR
PROT_000509,87aec8f7d41f,MexE
PROT_000510,51b4f523f221,MexF
PROT_000511,9c37baa21e9a,OprN
PROT_000512,417ae8846dc8,OpmB
PROT_000513,849df153fb5b,MexK
PROT_000514,494305811dcf,MexJ
PROT_000515,021d61eba99f,OprM
PROT_000516,4045a224c3c2,MexB
PROT_000517,418ad5af4698,MexA
PROT_000518,d5b9e8207c0b,MexD
PROT_000519,f99042602a97,MexC
PROT_000520,225aed9ac343,OXA-1275
PROT_000521,5328ee9182bc,OpmH
PROT_000522,60e699938110,mexY
PROT_000523,ddd8ca8daca0,MexV
PROT_000524,da91c3565c8f,MexW
PROT_000525,b614feffa904,PDC-62
PROT_000526,46940b7b01a6,MexS
PROT_000527,75c278bed10a,MexR
PROT_000528,7c86f4525c6c,Type B NfxB
PROT_000529,fe9fa5218772,nalD
PROT_000530,d8dfe9dcc5e2,MexZ
PROT_000531,8fda96de6806,PDC-11
PROT_000532,f95f68025ae6,ANT(2'')-Ia
PROT_000533,da467bf23ed1,VIM-5
PROT_000534,b2d7143df82b,OXA-10
PROT_000535,4fd63a74b757,OXA-846
PROT_000536,5cff20b8abcb,APH(3')-VIa
PROT_000537,b523e6dd0f81,arnA
PROT_000538,c39e831d0e74,MexE
PROT_000539,c53fcdcefd7c,MexF
PROT_000540,fb20767cd6ac,MexZ
PROT_000541,6a13ae58984a,mexY
PROT_000542,e2044484068c,FosA
PROT_000543,d9c4b3adccd0,MexE
PROT_000544,b78761ec51a5,MexC
PROT_000545,05f14cd94c0a,OprJ
PROT_000546,a88ce6f9491b,MexI
PROT_000547,4db4d74bc378,MexH
PROT_000548,c61ddb97fbbe,arnA
PROT_000549,35fbc6632686,MexI
PROT_000550,33a5feb1c110,MexE
PROT_000551,e2f6c9eaf39c,OpmH
PROT_000552,e5a020628bb5,MexT
PROT_000553,3225658aff2c,OpmD
PROT_000554,5ff1576895ec,mexY
PROT_000555,05b79846875e,OprJ
PROT_000556,44ff0983beed,PDC-31
PROT_000557,be0fd4e1a56e,MexA
PROT_000558,0ada659900d6,OXA-851
PROT_000559,bb5c544b4edb,basS
PROT_000560,980011a0031b,vanT gene in vanG cluster
PROT_000561,cff90c84f79f,MexF
PROT_000562,12cfc06d4d80,MexA
PROT_000563,8b5339379355,basS
PROT_000564,1196991b122c,MexV
PROT_000565,5b5ed6aa419a,OprJ
PROT_000566,a2237a1ef825,MexE
PROT_000567,dfec376d2783,MexF
PROT_000568,913be47ed7b8,OprN
PROT_000569,cad14e8d0baf,OpmD
PROT_000570,c6f0451a7399,MexG
PROT_000571,d4d6aa67e697,APH(3')-IIb
PROT_000572,ad95b43c79a1,mexY
PROT_000573,312ce6ad84f4,MexA
PROT_000574,27c36fd380a6,ArnT
PROT_000575,0d46661d2b76,cprR
PROT_000576,ff6da11ed787,MexS
PROT_000577,cd657161748a,MexZ
PROT_000578,819482aec35a,mexY
PROT_000579,08a2a2a30988,PDC-120
PROT_000580,78668503046b,MexH
PROT_000581,7d506c16e497,OpmD
PROT_000582,54fb0bd0957b,ArnT
PROT_000583,f095f5763148,MexR
PROT_000584,f09daf1d431e,AAC(3)-Ic
PROT_000585,a014842ba3f3,OprN
PROT_000586,c588638645fa,ArnT
PROT_000587,4fb16c416169,nalD
PROT_000588,352e01d2ddca,nalC
PROT_000589,3912f866102f,FosA
PROT_000590,63b3f0f4a6db,ArnT
PROT_000591,3852e095e030,MexK
PROT_000592,d020a1040b61,MexD
PROT_000593,c9408e6360ad,MexT
PROT_000594,88095f7fdab1,MexB
PROT_000595,8b81b1bbb450,OprN
PROT_000596,2cad86cb0798,mexY
PROT_000597,de0fc1ac8de7,MexJ
PROT_000598,55d1d594f779,MexK
PROT_000599,52e361faf94f,MexH
PROT_000600,a0d6a780e6a7,Type B NfxB
PROT_000601,b87e3e367e13,OpmH
PROT_000602,a6ba3714ed1d,MexH
PROT_000603,386245cf4428,MexD
PROT_000604,23891b25e759,ArnT
PROT_000605,8d8017b3266d,arnA
PROT_000606,b6085f4ba4fb,OprN
PROT_000607,37ec2861e34f,mexY
PROT_000608,91fcbfa61633,PDC-5
PROT_000609,522d44d4db15,Pseudomonas aeruginosa gyrA conferring resistance to fluoroquinolones
PROT_000610,dabf169fefbc,MexK
PROT_000611,61fe70f82950,MexC
PROT_000612,9f069c40d60e,MexD
PROT_000613,ed88cfd14f81,OprJ
PROT_000614,2ed3bd47c7d9,OpmD
PROT_000615,5f9e6ace6cb2,MexE
PROT_000616,30b43a8e12e8,MexV
PROT_000617,55d0548b2c12,mexY
PROT_000618,670811b45788,Type B NfxB
PROT_000619,de08cabdeaa7,MexS
PROT_000620,bafe6cce52f9,ArnT
PROT_000621,97007161f1cf,MexI
PROT_000622,14b8194aa267,MexC
PROT_000623,f7225b33f2d3,MexZ
PROT_000624,5e5b86e350c3,MexT
PROT_000625,180cfa056ba1,MexS
PROT_000626,e2c9675b172c,MexW
PROT_000627,17865a054ce5,MexS
PROT_000628,36d10dc616dd,Type B NfxB
PROT_000629,56d5324b53fe,mexY
PROT_000630,27b3e7dd52e9,Type B NfxB
PROT_000631,89f73d0594b1,nalD
PROT_000632,ff4c0bfcfd1c,OpmD
PROT_000633,0c58404c4441,ArnT
PROT_000634,eb4493e1540b,OprN
PROT_000635,96dcd7bddbb7,mexY
PROT_000636,b2f7057a6a65,MexK
PROT_000637,98db3b082815,MexH
PROT_000638,6fe86f6de6c5,MexD
PROT_000639,744e9b88df93,OXA-1127
PROT_000640,5555857da572,vanT gene in vanG cluster
PROT_000641,2de09c82e0cb,OprN
PROT_000642,0ff11671efcc,basS
PROT_000643,cbd81c9b8e94,ArnT
PROT_000644,5dfe2d04ca35,arnA
PROT_000645,beda19f6bbc9,PDC-109
PROT_000646,2c3cc0abff53,mexY
PROT_000647,b1021304a4ef,MexA
PROT_000648,181706123752,ArnT
PROT_000649,2bd8a5ab54a3,arnA
PROT_000650,bd9b87f14e7f,MexD
PROT_000651,e3e4dfa5df5a,MexE
PROT_000652,5ebd48b296e4,MexF
PROT_000653,6a2cb0aebde8,MexZ
PROT_000654,476f24120930,MexS
PROT_000655,f16bdcdbb870,MexT
PROT_000656,dd0b68c11fa2,OprN
PROT_000657,bc95fe22e6ec,MexI
PROT_000658,8f9524656a99,basS
PROT_000659,ad3a0e333eb5,MexD
PROT_000660,2166860c91a6,mexY
PROT_000661,f1e522c85c44,ArnT
PROT_000662,6e9b76e9141b,MexI
PROT_000663,b0850e54d68f,MexD
PROT_000664,f18093f49f84,mexY
PROT_000665,ff0c02c64b78,basS
PROT_000666,800239d27272,PDC-109
PROT_000667,71d1fef0f709,OpmB
PROT_000668,437feb60f2c7,Type B NfxB
PROT_000669,37d1a4bdd1e0,ArnT
PROT_000670,ceaf2e1efc33,arnA
PROT_000671,02139e0775ec,mexY
PROT_000672,106509e18265,OXA-914
PROT_000673,92a98ac1f5d8,Type B NfxB
PROT_000674,ea4f66860799,OpmD
PROT_000675,ab4f29300262,MexW
PROT_000676,d1988a7a2d5e,IMP-1
PROT_000677,cd27d63eb67d,nalC
PROT_000678,b8c7e764f481,MexZ
PROT_000679,1b75079e7409,AAC(6')-Ib9
PROT_000680,6ab0ac4b6fce,MexF
PROT_000681,7d279301b5b4,cprR
PROT_000682,db710472a8ee,Pseudomonas aeruginosa gyrA conferring resistance to fluoroquinolones
PROT_000683,d7800af1d5bd,MexZ
PROT_000684,262aef48522a,MexV
PROT_000685,49c1863cb2e6,APH(3')-Ia
PROT_000686,f20c90fd8768,MexD
PROT_000687,aeef36708642,MexK
PROT_000688,3b6889ec8475,arnA
PROT_000689,d0f1a1188bdc,MexW
PROT_000690,b84a01a754d4,MexF
PROT_000691,2c935f676943,MexR
PROT_000692,963cd1b4fc08,MexS
PROT_000693,1a2abb2c824a,MexH
PROT_000694,263247a9fba0,OpmD
PROT_000695,38a29114c9b0,arnA
PROT_000696,a4e89b3dc1c0,MexZ
PROT_000697,dff097dd39eb,OprJ
PROT_000698,6304d1c179e4,mexY
PROT_000699,740350e7db50,OpmB
PROT_000700,44a00633cafb,arnA
PROT_000701,0e02e88fb6bd,OpmD
PROT_000702,d04dd70e4eae,mexY
PROT_000703,571d30d952af,arnA
PROT_000704,e017d1f79e56,MexK
PROT_000705,50529dab6621,APH(3')-IIb
PROT_000706,0dc431eec76d,OprJ
PROT_000707,6c2cc2452a64,Type B NfxB
PROT_000708,9fe8424c24f0,OpmD
PROT_000709,5750afc56573,OXA-1024
PROT_000710,1dfdb3ae246a,MexC
PROT_000711,1eec1a376450,OprJ
PROT_000712,3aa10e6c7ccd,ArnT
PROT_000713,3681af3a016c,MexK
PROT_000714,e5d98f416814,mexY
PROT_000715,24d0807bfb03,basS
PROT_000716,fae0b62fc296,vanT gene in vanG cluster
PROT_000717,912b9a040c1e,MexA
PROT_000718,4e552614cf52,Type B NfxB
PROT_000719,1646c69606ed,nalC
PROT_000720,f7889658b9ce,MexR
PROT_000721,916a6be18231,AAC(6')-31
PROT_000722,a4166200d888,AAC(6')-Ib9
PROT_000723,558199887ddb,MexZ
PROT_000724,9807aec5c842,ArnT
PROT_000725,d2a2b41e46e9,arnA
PROT_000726,6bc94b54707c,cprR
PROT_000727,8ab32b8a6666,FosA
PROT_000728,ce1348028a8b,MexI
PROT_000729,1800a7482ea1,MexB
PROT_000730,def4c3e82d56,OprJ
PROT_000731,0d7e61bc9b6a,nalC
PROT_000732,6ab3ca30bcfa,FosA
PROT_000733,92f04554321f,ArnT
PROT_000734,74157ea200cd,OpmD
PROT_000735,f2d6d034c8c6,APH(3')-IIb
PROT_000736,d8e4133a6fd2,OpmB
PROT_000737,1ae4bc4a1ce0,OprN
PROT_000738,18b39aa8229a,MexW
PROT_000739,14f682d9fcfe,MexB
PROT_000740,c4a15583454d,PDC-56
PROT_000741,80ec93ae6280,mexY
PROT_000742,8c2112ff2e8f,mexY
PROT_000743,b555cb85b5b9,ANT(2'')-Ia
PROT_000744,c3b2e13cfb79,MexT
PROT_000745,aaa5a6c7d6fa,OprJ
PROT_000746,39fc538a3861,Type B NfxB
PROT_000747,f070b2195a7c,MexS
PROT_000748,c8db9b133968,MexB
PROT_000749,df66556dbaa0,Pseudomonas aeruginosa gyrA conferring resistance to fluoroquinolones
PROT_000750,364587606e4b,MexI
PROT_000751,8f259bf7ece8,OprM
PROT_000752,90131a3c4dcb,OXA-1125
PROT_000753,b5e582557e69,OpmH
PROT_000754,d8beb1966e9b,ArnT
PROT_000755,c45387efd5b9,arnA
PROT_000756,10cc4622c6d2,mexY
PROT_000757,1b03b41eb51e,OprJ
PROT_000758,4043a1070fc7,MexZ
PROT_000759,3275534727f7,Type B NfxB
PROT_000760,59330199848f,OpmD
PROT_000761,c3631b82d5c8,MexH
PROT_000762,1249f33ae6fb,OpmB
PROT_000763,769bfefec2f6,MexB
PROT_000764,b580e5a149d0,MexC
PROT_000765,a980f1a12175,ArnT
PROT_000766,ca02e5fe92f5,MexK
PROT_000767,8eea76c391fe,MexD
PROT_000768,50795e0faa74,MexW
PROT_000769,b02db657df69,APH(3')-IIb
PROT_000770,1abe3dd3fc85,MexC
PROT_000771,6b87d5c5cd40,OXA-50
PROT_000772,7cac2725a0d3,MexH
PROT_000773,5a89cd8f5fce,OpmB
PROT_000774,8700d949ad04,OprN
PROT_000775,298d7cef5f8e,Pseudomonas aeruginosa gyrA conferring resistance to fluoroquinolones
PROT_000776,97ec05f92e9e,MexC
PROT_000777,c3ae387f286e,MexD
PROT_000778,a3910b7e3537,OprN
PROT_000779,f83c6ce3c45b,OpmB
PROT_000780,b770d75b9137,MexH
PROT_000781,c8eee40be03b,MexJ
PROT_000782,c375c0f8a98e,OprN
PROT_000783,255a0beedaf1,MexF
PROT_000784,8f2c9e17b75b,MexV
PROT_000785,e2a7d8909a0c,MexC
PROT_000786,2ad52abf5b9d,MexS
PROT_000787,1464c5fb4d0d,APH(6)-Id
PROT_000788,2ea638d934ed,MexZ
PROT_000789,c2348b2bfd66,AAC(6')-31
PROT_000790,b3f883c651ab,VIM-1
PROT_000791,367637148089,ArnT
PROT_000792,81a869d55d80,OpmD
PROT_000793,15ceeb577bf6,PDC-142
PROT_000794,0d8375879dca,MexC
PROT_000795,43fa2a7a2662,MexZ
PROT_000796,c99744793144,OXA-913
PROT_000797,72e2c34ef5d7,IMP-45
PROT_000798,9cef70f0eecb,MexZ
PROT_000799,76a8ce2c9b00,PDC-14
PROT_000800,28cce6468b29,OpmH
PROT_000801,8058655d9874,MexW
PROT_000802,b58cbeaf9d99,MexZ
PROT_000803,8c925f7ef858,MexA
PROT_000804,7eab1eb69b18,OpmB
PROT_000805,e5fd07b9a916,basS
PROT_000806,d6ec89a4e5b5,OXA-1034
PROT_000807,e4674bd9dafa,APH(3')-IIa
PROT_000808,b392710dad78,OprN
PROT_000809,7a6d6ee132b1,ArnT
PROT_000810,4c4a208183ca,OpmB
PROT_000811,27dfbdc2dd70,OpmD
PROT_000812,02d8696ada96,cprR
PROT_000813,60e0193b9cb9,ArnT
PROT_000814,307000e3f6d0,MexS
PROT_000815,c32a035ca0d4,basS
PROT_000816,41ea894f695d,APH(3')-VIa
PROT_000817,5ffb12263a26,AAC(3)-IIe
PROT_000818,3399cec92848,MexF
PROT_000819,59ebd36d3dab,OprJ
PROT_000820,b088f6a62953,MexD
PROT_000821,aaa704ca041e,MexC
PROT_000822,2b3971c53ec4,MexV
PROT_000823,cd9e82118936,MexW
PROT_000824,1747d4aacf1c,MexK
PROT_000825,0390deb48fe0,ArnT
PROT_000826,b1f140a0a9d8,arnA
PROT_000827,8f9049a03c53,MexG
PROT_000828,1a29da79eaf7,vanT gene in vanG cluster
PROT_000829,e4855545a4f0,basS
PROT_000830,b74c19ba3c09,Type B NfxB
PROT_000831,62cf68f072e4,ArnT
PROT_000832,a871b091c589,OprN
PROT_000833,6b7d83930f7d,basS
PROT_000834,4683b5f973a4,MexR
PROT_000835,3ba63152f639,IMP-10
PROT_000836,0a2a16a4df41,MexE
PROT_000837,38df24ce2192,MexH
PROT_000838,412cdba565d5,Pseudomonas aeruginosa gyrA conferring resistance to fluoroquinolones
PROT_000839,749776f19f86,MexT
PROT_000840,082fe7dee63a,MexZ
PROT_000841,7809dd4923e6,MexS
PROT_000842,ec06804e22a7,OprN
PROT_000843,922db2f6dd1e,OprJ
PROT_000844,69406c93386b,MexD
PROT_000845,993a2e409105,mexY
PROT_000846,5e4def10246d,OprN
PROT_000847,4ddf49bdd302,MexK
PROT_000848,5670b0fb978e,PDC-105
PROT_000849,e8cc2e5cb77c,arnA
PROT_000850,1964509ebe9c,OpmH
PROT_000851,63b58a98b70a,OprN
PROT_000852,b629d7bba254,OpmB
PROT_000853,b6b1b20922e6,ArnT
PROT_000854,8b273806e0f6,OprJ
PROT_000855,9fb3709f3cf3,OpmH
PROT_000856,8a5ad8b1319d,arnA
PROT_000857,8c766c1f6113,ArnT
PROT_000858,231f3cdc774f,MexI
PROT_000859,1842c7134240,MexC
PROT_000860,213ab2e72bac,arnA
PROT_000861,8bb10a5373c5,ArnT
PROT_000862,a6f4e7595136,MexV
PROT_000863,f07b7bce7169,cprR
PROT_000864,3d73adaeac54,MexK
PROT_000865,e2e1ebf1c9d9,mexY
PROT_000866,72fb021276ad,MexB
PROT_000867,282618ca2e2c,PDC-23
PROT_000868,23a8a79482b7,OpmD
PROT_000869,496426837621,mexY
PROT_000870,adec8619a5d9,OpmB
PROT_000871,870ca4091a8a,MexW
PROT_000872,6825e95c4515,ArnT
PROT_000873,841b486229fb,OXA-1034
PROT_000874,cbb7b1a737bb,ANT(2'')-Ia
PROT_000875,80110c93cc9f,MexR
PROT_000876,66f451f26f99,MexZ
PROT_000877,4541ccc76989,AAC(6')-Ib9
PROT_000878,a4df759efb9f,nalC
PROT_000879,13af8386d216,MexZ
PROT_000880,1be894391f85,arnA
PROT_000881,90f91a3ef587,MexI
PROT_000882,3a7668105028,ArnT
PROT_000883,ae8fa30b026f,basS
PROT_000884,31dbd90e9ed5,MexV
PROT_000885,e14129cb6fb8,MexC
PROT_000886,0ef41e3fbdbc,MexD
PROT_000887,47dfc6e8d269,OpmD
PROT_000888,ab0b0b0e2d9e,MexR
PROT_000889,ba2d020c98af,arnA
PROT_000890,3b050c896159,MexK
PROT_000891,870186f9c9c3,MexI
PROT_000892,a614ffebcfbb,MexS
PROT_000893,613d08417dd6,MexT
PROT_000894,775d4e34a10d,MexW
PROT_000895,ebd13ff6b7f6,OXA-1253
PROT_000896,8e720bb896b7,OpmB
PROT_000897,fbce989642fa,arnA
PROT_000898,6c3b9e118474,APH(3')-IIb
PROT_000899,e2c80b4ed5c5,MexS
PROT_000900,8bcb782a42af,MexT
PROT_000901,866f9c61b280,MexE
PROT_000902,95de4373fa61,OXA-56
PROT_000903,f2f597e3eef6,OprM
PROT_000904,6863cf8195e2,OXA-17
PROT_000905,1cfb77dbd785,AAC(6')-Ib'
PROT_000906,4356145ff31e,Type B NfxB
PROT_000907,1393beb9ff82,MexV
PROT_000908,fd564e09dcb2,FosA
PROT_000909,d74f186293b1,ArnT
PROT_000910,b2a7669fab7d,OprM
PROT_000911,5effd3398605,MexF
PROT_000912,6e747bcf8cba,OprJ
PROT_000913,54afaf3a27be,OpmB
PROT_000914,340d0d0119c5,PDC-55
PROT_000915,8c37c595eaf2,OpmD
PROT_000916,58e7a8d2ada5,MexI
PROT_000917,0902651299f3,OpmH
PROT_000918,9e0a9f1678cc,basS
PROT_000919,19793f3cb790,MexK
PROT_000920,2853d35e89b3,PDC-57
PROT_000921,d8b4e4d3b19e,MexA
PROT_000922,7e9b0f3187e1,MexZ
PROT_000923,1064b2f3e876,MexW
PROT_000924,bf3689950ad1,MexV
PROT_000925,7a8198b9028b,MexZ
PROT_000926,2b8117e2d7e0,nalD
PROT_000927,e8adaf92a3fc,MexI
PROT_000928,aba9cbd3311d,MexB
PROT_000929,d5eb69628805,MexR
PROT_000930,5e19f84b8008,MexC
PROT_000931,21305b92c530,OpmD
PROT_000932,c98c6826bf52,AAC(6')-Ib9
PROT_000933,373e66b00b5d,MexJ
PROT_000934,a2199c69a035,nalD
PROT_000935,fdc979c636bb,MexC
PROT_000936,c57d1064c91e,nalD
PROT_000937,3c5ae3a47d91,ArnT
PROT_000938,e4cfce652542,OXA-1281
PROT_000939,28436ed30e41,AAC(6')-Ib9
PROT_000940,61ae6f791bc2,MexB
PROT_000941,ca84a165b460,OXA-210
PROT_000942,1c2dfa90b61c,AAC(6')-Ib9
PROT_000943,572366e3b108,AAC(6')-Ib4
PROT_000944,2f8b85e46c59,MexC
PROT_000945,591954126555,OpmH
PROT_000946,a3546f9d687a,MexE
PROT_000947,9b305305c1da,AAC(6')-IIa
PROT_000948,658aca209a34,MexR
PROT_000949,20a1e185dbea,OprJ
PROT_000950,fcbada4fa6eb,MexD
PROT_000951,8504ee54d5d8,OpmH
PROT_000952,290f2640d3db,OpmB
PROT_000953,22629d2dda98,PDC-54
PROT_000954,3767bb9a1e94,APH(3')-IIb
PROT_000955,ec1d35c90a7c,OXA-1245
PROT_000956,a4acf945562c,arnA
PROT_000957,ccb4162935eb,MexH
PROT_000958,bfc990b5c7a7,MexI
PROT_000959,57da521bd822,Pseudomonas aeruginosa gyrA conferring resistance to fluoroquinolones
PROT_000960,6dc43ec9017c,AAC(6')-Ib9
PROT_000961,1e1fddb7ea8c,MexC
PROT_000962,d9be252b3d2b,MexD
PROT_000963,ae0bfeb89241,MexA
PROT_000964,e75cfb41d123,MexB
PROT_000965,dfdf56fbeefc,mexY
PROT_000966,5bce5ef4242f,MexK
PROT_000967,28309373154d,APH(3')-IIb
PROT_000968,2b04ac1cff41,PDC-348
PROT_000969,80a425599a9d,Type B NfxB
PROT_000970,17cd3cfde016,MexZ
PROT_000971,4df1599226b9,APH(3')-IIb
PROT_000972,24ec5081eb74,mexY
PROT_000973,6bd20767c825,MexA
PROT_000974,faccb60afae8,MexW
PROT_000975,b516ae9296c9,MexZ
PROT_000976,dbb1b881f04a,OprN
PROT_000977,788f7b1f94d3,MexW
PROT_000978,662c82ee0336,Type B NfxB
PROT_000979,8b5d27b02531,OXA-1127
PROT_000980,97e7261de712,MexH
PROT_000981,cf92fff68319,OprN
PROT_000982,975ebf883180,PDC-348
PROT_000983,18e16f22c695,MexJ
PROT_000984,4fb6785820b8,MexC
PROT_000985,64a52a52eae4,MexZ
PROT_000986,0e7e9e8ecb83,OXA-485
PROT_000987,c72840e9dbf3,ArnT
PROT_000988,b9b9adf1146c,MexK
PROT_000989,76390092eba6,basS
PROT_000990,cbffbd82e2bb,APH(3')-IIb
PROT_000991,31ef182dbad0,MexW
PROT_000992,9ab6a2eb2a79,OpmD
PROT_000993,cdd2a9d53be8,MexZ
PROT_000994,3901e7d3f902,cprR
PROT_000995,38984a807e7f,PDC-348
PROT_000996,7cc52c64ba7c,MexF
PROT_000997,89b46429967b,MexR
PROT_000998,70ab395cfbc3,PDC-348
PROT_000999,067a6d10084c,mexY
PROT_001000,ca4814906768,mexY
PROT_001001,b794dd1b7cce,MexI
PROT_001002,cece9d788fc2,MexH
PROT_001003,b06e59b11bc1,Pseudomonas aeruginosa gyrA conferring resistance to fluoroquinolones
PROT_001004,c805bac10539,APH(3')-IIb
PROT_001005,42cced908a13,PDC-297
PROT_001006,505e084164a0,MexD
PROT_001007,7ce2e215c159,basS
PROT_001008,d4ea6f97a5fc,basS
PROT_001009,ae6556a03ef1,OpmH
PROT_001010,a8e592175d67,PDC-374
PROT_001011,e6f921cc267e,OprM
PROT_001012,a69572aae3b7,MexF
PROT_001013,b80c0a3153b1,mexY
PROT_001014,1a0384fb76b5,arnA
PROT_001015,5c917232c0cd,MexV
PROT_001016,785935a9fe96,MexD
PROT_001017,fc8044ae74b5,Pseudomonas aeruginosa gyrA conferring resistance to fluoroquinolones
PROT_001018,0c6173352f94,MexS
PROT_001019,41f8a8a94e8d,MexZ
PROT_001020,cd0c402cc791,nalD
PROT_001021,a2db577a025a,MexB
PROT_001022,4d99631508e4,basS
PROT_001023,246dbe85a16e,MexE
PROT_001024,3e05523bb4ff,MexW
PROT_001025,9541af3ed1c3,PDC-297
PROT_001026,15157691b11d,MexE
PROT_001027,cbb8cf58b9a4,MexD
PROT_001028,a4e2cf405896,arnA
PROT_001029,f0040a4d400e,MexS
PROT_001030,36449fa92b27,MexB
PROT_001031,43cacd177fce,PDC-97
PROT_001032,02737b1e82fe,nalD
PROT_001033,51999c10c3c9,MexS
PROT_001034,8252dd0d208d,MexT
PROT_001035,b959ecb29d5e,basS
PROT_001036,8fc958879df9,MexT
PROT_001037,c63b98ccf468,ArnT
PROT_001038,dfcd8278ff8e,mexY
PROT_001039,1fcce0925806,MexB
PROT_001040,569ed9342987,cprR
PROT_001041,6f827a8c4f17,MexK
PROT_001042,aba093145808,PDC-23
PROT_001043,f6d3b06d0a47,MexG
PROT_001044,1e098f41ecef,OpmB
PROT_001045,2bda05d0d9dc,PDC-23
PROT_001046,6cd02745beda,MexB
PROT_001047,e4c2e746a3d1,PDC-23
PROT_001048,b1c33f673f64,MexH
PROT_001049,747e8173f328,MexK
PROT_001050,02d757e998cb,MexZ
PROT_001051,505d3023cff2,APH(3')-IIb
PROT_001052,b957e4bfd6b1,OpmH
PROT_001053,07991a713497,OXA-50
PROT_001054,33f3ff2442e7,FosA
PROT_001055,f934ac63b496,MexC
PROT_001056,f8ef3091e3b4,MexD
PROT_001057,65f9d58765a9,MexW
PROT_001058,c209c09936b3,mexY
PROT_001059,baba75fde7fa,MexH
PROT_001060,ec00d2693625,OpmD
PROT_001061,aaa960fe4612,MexE
PROT_001062,8677f75bec2e,MexK
PROT_001063,6e27848bb784,MexJ
PROT_001064,f1dbe530e396,Type B NfxB
PROT_001065,02235807bafa,MexZ
PROT_001066,6874f2ffee36,MexT
PROT_001067,03a0dcc89423,nalC
PROT_001068,83c034b91d0c,MexW
PROT_001069,45e049ec31ed,mexY
PROT_001070,60e389779b36,MexH
PROT_001071,38cfb41996a4,MexI
PROT_001072,652623e9965b,MexT
PROT_001073,38bfb9cd35e7,mexY
PROT_001074,e8d575d17ed0,MexH
PROT_001075,154f720f0f13,ArnT
PROT_001076,1b2639e0db31,mexY
PROT_001077,38f67eda024a,MexI
PROT_001078,86bd49cba61f,Pseudomonas aeruginosa gyrA conferring resistance to fluoroquinolones
PROT_001079,47e371d33fa8,nalD
PROT_001080,736ad144c051,KPC-2
PROT_001081,45f165b64e12,AAC(6')-29b
PROT_001082,7ca3a9c100ab,AAC(6')-Ib9
PROT_001083,ae84f1b7c652,MexT
PROT_001084,8a658413f0af,MexJ
PROT_001085,1287e90646ad,AAC(6')-29b
PROT_001086,2a12b76f9424,MexD
PROT_001087,49de626ab5df,MexZ
PROT_001088,a631be3baf43,MexS
PROT_001089,860424b14330,AAC(6')-29a
PROT_001090,bf46dffd1254,PDC-38
PROT_001091,92476eedd9cf,MexK
PROT_001092,08288719dcd4,ArnT
PROT_001093,368cd7e052dc,arnA
PROT_001094,01e2ec880d4a,MexC
PROT_001095,03fc3711b0dd,MexD
PROT_001096,b4afbbe24d4d,OXA-1183
PROT_001097,5743888e4408,APH(3')-IIb
PROT_001098,f464c50e2ee3,MexW
PROT_001099,c4a5a2515e38,MexV
PROT_001100,68a929dad3c5,MexJ
PROT_001101,c22a4abbba84,AAC(6')-29b
PROT_001102,ca444e22fdcb,mexY
PROT_001103,b27cc851662a,FosA
PROT_001104,235cecd97127,ArnT
PROT_001105,5f43d32bbbcf,OpmD
PROT_001106,76fd9c7af959,MexH
PROT_001107,8c4411c1ebca,APH(3')-IIb
PROT_001108,4d1aa3196e37,basS
PROT_001109,16506e28d3c7,MexC
PROT_001110,3a9bbf1ad36f,MexD
PROT_001111,b6b1bb2b42e9,MexW
PROT_001112,737388418cd9,APH(3')-IIb
PROT_001113,77325990971d,arnA
PROT_001114,7331ecce2df6,ArnT
PROT_001115,3153a9318886,OpmD
PROT_001116,8ee16271eb28,mexY
PROT_001117,bfee3926ac52,MexD
PROT_001118,01f0680a3f32,MexC
PROT_001119,30105ae2c121,MexF
PROT_001120,578dfd8b7766,OXA-1285
PROT_001121,5ef1ca29275e,arnA
PROT_001122,ac8a3d14b37b,ArnT
PROT_001123,db6398f4f8c3,APH(3')-IIb
PROT_001124,4894a380e873,PDC-137
PROT_001125,df3c8c66a6fc,MexV
PROT_001126,b47178aea781,MexW
PROT_001127,2b2d30bba808,OprJ
PROT_001128,b5563b40164a,MexD
PROT_001129,7818e1c63e5e,OXA-1246
PROT_001130,26a82224fad6,OpmD
PROT_001131,e438c3630a5a,MexH
PROT_001132,af26dae38f41,ArnT
PROT_001133,0e515b8a1241,APH(3')-IIb
PROT_001134,fb1812b4d8cd,ArnT
PROT_001135,6bf9cbb23816,MexW
PROT_001136,fa35da7f3bd0,OpmD
PROT_001137,e024b2e41400,MexC
PROT_001138,729d6eff0f98,arnA
PROT_001139,45575bc26a2f,ANT(2'')-Ia
PROT_001140,b0ff8a1a671b,MexI
PROT_001141,19d296982409,MexK
PROT_001142,f2b7e67fb926,OpmD
PROT_001143,301fd5a6517f,MexH
PROT_001144,01c57a97dc8b,MexF
PROT_001145,0ff83c64fd65,MexH
PROT_001146,67d41d8292ec,OprJ
PROT_001147,4f5a946ca889,OprM
PROT_001148,8d4692e89643,ArnT
PROT_001149,21622ebc41a8,Type B NfxB
PROT_001150,39a2c86c61b7,MexV
PROT_001151,1e7717d42920,OpmB
PROT_001152,faafdc4de5a5,PDC-171
PROT_001153,4deb64111abc,OprN
PROT_001154,d80ca4a7977d,MexD
PROT_001155,79732ea93b4b,ArnT
PROT_001156,79a9f8356945,MexS
PROT_001157,4a5cb8936775,MexZ
PROT_001158,6730c4eaff9b,MexR
PROT_001159,1f053490a686,arnA
PROT_001160,617fa6b3fe0f,FosA
PROT_001161,bd22dbfe95aa,OpmB
PROT_001162,3a4bc7be5d32,basS
PROT_001163,8a3c978dd833,MexV
PROT_001164,0e978ea0c6c7,OpmH
PROT_001165,7da4013c20f7,MexH
PROT_001166,ec5eb9047f4c,PDC-302
PROT_001167,84572ed20c81,ArnT
PROT_001168,b8e5c5b20f9e,ArnT
PROT_001169,ec08c0cea603,arnA
PROT_001170,fd42471e6a41,OpmB
PROT_001171,46e7d956f9ed,MexR
PROT_001172,f6f4d9b5ec6b,MexZ
PROT_001173,4e7399efa165,AAC(3)-Ia
PROT_001174,913dc3bb73d5,AAC(6')-IIb
PROT_001175,0bff908da81c,MexH
PROT_001176,f206e911724b,OprM
PROT_001177,2d73f63b43bc,MexW
PROT_001178,b909cfe81e04,MexV
PROT_001179,10b355d7b2f0,basS
PROT_001180,a266b88b9c8c,Type B NfxB
PROT_001181,9d602ed772d7,AAC(6')-Ib9
PROT_001182,530c2ace682c,MexD
PROT_001183,54f2858483ed,AAC(6')-31
PROT_001184,6324926885a9,OprN
PROT_001185,109708caac33,mexY
PROT_001186,f9bb4d89cd31,nalD
PROT_001187,d70efbe55048,MexZ
PROT_001188,067571e25c2b,nalD
PROT_001189,f80172f5b62d,AAC(6')-Ib9
PROT_001190,0b170620f30d,vanT gene in vanG cluster
PROT_001191,6ba55161a9c2,MexS
PROT_001192,451c56d14276,MexS
PROT_001193,1374f3b3fc01,MexT
PROT_001194,c1dc63d23fef,AAC(6')-29b
PROT_001195,1efc596d79d4,Pseudomonas aeruginosa gyrA conferring resistance to fluoroquinolones
PROT_001196,996d27575145,MexZ
PROT_001197,6e1ad2ee94bb,OprN
PROT_001198,dda3fe8bc763,MexH
PROT_001199,b922832ab694,MexI
PROT_001200,7a0499624deb,basS
PROT_001201,35636c76ecbe,MexC
PROT_001202,f5be6e9dcd54,MexE
PROT_001203,fe6ba9f27755,OpmD
PROT_001204,b8d268bd3a87,ArnT
PROT_001205,4a08454fa30e,OpmH
PROT_001206,41578201d573,AAC(6')-Ib9
PROT_001207,3f2a86cbdf1f,APH(3'')-Ib
PROT_001208,2a126e0a201d,OXA-4
PROT_001209,568c12737639,APH(3')-VIb
PROT_001210,430d11cacc8f,MexH
PROT_001211,4be3f350e312,PDC-593
PROT_001212,41254f66457b,OXA-19
PROT_001213,dcb3c9980dbb,AAC(6')-Ib10
PROT_001214,17e314144d42,MexZ
PROT_001215,97dbb5a71e11,VIM-4
PROT_001216,fc6acac31053,MexA
PROT_001217,ef5574f15c1f,ANT(2'')-Ia
PROT_001218,18fc05e550c5,AAC(6')-Ib10
PROT_001219,d624fc4f284e,MexH
PROT_001220,a26c238487d6,MexS
PROT_001221,8a3bbe46da41,ANT(2'')-Ia
PROT_001222,4f38b8351f0e,IMP-26
PROT_001223,b8d9f06ec3c2,MexS
PROT_001224,618d0a807a4e,Pseudomonas aeruginosa gyrA conferring resistance to fluoroquinolones
PROT_001225,b3392f93f94a,mexY
PROT_001226,05fbb06b7096,MexT
PROT_001227,ac178cb43889,MexZ
PROT_001228,433b508c5db7,nalC
PROT_001229,36d868f70bc6,MexB
PROT_001230,360e4869e0db,PDC-257
PROT_001231,9eaffe78c21e,ArnT
PROT_001232,19365737e885,mexY
PROT_001233,25c3f66fbe89,MexF
PROT_001234,e0fab214a582,MexK
PROT_001235,55c620aa81db,MexS
PROT_001236,8b504e5977f9,MexB
PROT_001237,d41529d85f41,MexI
PROT_001238,ad00cb4c44de,mexY
PROT_001239,4f4574f34790,MexA
PROT_001240,1452720bd636,mexY
PROT_001241,ba2246398259,MexS
PROT_001242,2b5b9a95f59d,AAC(6')-Ib8
PROT_001243,e6142e1dd6ab,MexD
PROT_001244,be599128fc64,OpmD
PROT_001245,fdda8590a1e5,OpmB
PROT_001246,f91f5554dacc,OprN
PROT_001247,60be8959f665,MexD
PROT_001248,1cf5a3c91d83,MexS
PROT_001249,ee029386dbad,MexW
PROT_001250,2301cfa8e897,Type B NfxB
PROT_001251,52d33be697ca,nalD
PROT_001252,18bf5eb3f75e,PDC-454
PROT_001253,e413cda49027,OXA-395
PROT_001254,4dd6983a63d6,MexS
PROT_001255,48f43b5ffc24,MexZ
PROT_001256,4741290f276d,APH(3')-IIb
PROT_001257,6775031cc7f0,MexJ
PROT_001258,04d5b490a76f,basS
PROT_001259,713f906fc88d,MexR
PROT_001260,622c8615adcb,MexT
PROT_001261,c2c312f7cfe9,PDC-120
PROT_001262,7f684a930425,PDC-339
PROT_001263,ea66cdddca44,MexR
PROT_001264,458438fd7e7e,cprR
PROT_001265,87c1bd5339c3,OpmH
PROT_001266,f187598dffc7,vanT gene in vanG cluster
PROT_001267,9f0e546fec14,basS
PROT_001268,47246cb72eb2,MexV
PROT_001269,46d18d42dc3f,MexK
PROT_001270,8973900761f4,MexJ
PROT_001271,c0cf8ed46fcd,PDC-133
PROT_001272,c8eaa04be6b2,APH(3')-IIb
PROT_001273,f0030d7a85c4,MexB
PROT_001274,676cca05a513,OprM
PROT_001275,97af2f5e1c3f,OpmD
PROT_001276,6a8f23c1469f,MexH
PROT_001277,01b88b1b7182,MexG
PROT_001278,0cc5bd79e863,FosA
PROT_001279,984726722811,OXA-902
PROT_001280,f93453ffbf47,mexY
PROT_001281,ff614e6e5281,OprJ
PROT_001282,43c2c257d8fa,MexD
PROT_001283,405cdb11b375,MexC
PROT_001284,4ec4193dba23,MexE
PROT_001285,ed4245c8cb4f,MexF
PROT_001286,18f445714eb2,OprN
PROT_001287,bdfbf8047d6d,OpmB
PROT_001288,ae9958e81afc,arnA
PROT_001289,7bfd1b7b8342,ArnT
PROT_001290,70e0f14f4c07,nalC
PROT_001291,5b8106468c00,MexR
PROT_001292,b7a3320863ed,Type B NfxB
PROT_001293,b9b432718e48,MexS
PROT_001294,3cbe30aec01a,nalD
PROT_001295,76e47c9273ee,nalD
PROT_001296,0f49656ef491,arnA
PROT_001297,caf0e4bd7b33,PDC-337
PROT_001298,0321bb0a33a6,MexZ
PROT_001299,498cf3778e12,arnA
PROT_001300,985b044ab5c3,ArnT
PROT_001301,d23401e9d60b,MexJ
PROT_001302,0448472f2c71,OprN
PROT_001303,9163698d5025,MexW
PROT_001304,17a2a141cc63,PDC-338
PROT_001305,2014cc2aae9b,Pseudomonas aeruginosa gyrA conferring resistance to fluoroquinolones
PROT_001306,944fd2668a72,MexH
PROT_001307,90265efc1b5e,MexD
PROT_001308,dffb7d48fa48,PDC-340
PROT_001309,5c8e137e08c1,OpmD
PROT_001310,f19b20a26b21,MexZ
PROT_001311,e38f05185e2b,MexT
PROT_001312,81b97a58a964,ArnT
PROT_001313,a1d616b2f1bc,AAC(3)-Ia
PROT_001314,85d2121502cd,AAC(6')-Ib10
PROT_001315,5c233fe53b92,arnA
PROT_001316,594f5d8f49c8,PDC-397
PROT_001317,9bd1d4896511,MexR
PROT_001318,966cf176d20d,OXA-907
PROT_001319,d5ab55dec5a4,MexH
PROT_001320,689b465c8ba1,mexY
PROT_001321,b27d5fd9cbc3,PDC-303
PROT_001322,876be0e74443,MexK
PROT_001323,a8fcad5b476b,OprM
PROT_001324,5ed0b17a818e,OpmB
PROT_001325,09f02393526e,MexZ
PROT_001326,cd9f19031140,nalC
PROT_001327,60ae65d07b30,PDC-264
PROT_001328,636679e98bbe,ArnT
PROT_001329,942dbcfca71b,OprJ
PROT_001330,0b26da4f2974,MexA
PROT_001331,f2f49bd03e46,OpmD
PROT_001332,2ac9cf9d3ea9,MexH
PROT_001333,5ede1f949822,mexY
PROT_001334,6dc7a7596c87,basS
PROT_001335,932e1f967df7,OprN
PROT_001336,592d22b76efc,MexF
PROT_001337,80c552397ef5,MexE
PROT_001338,0b7cda429323,MexK
PROT_001339,e8d43829d63f,nalC
PROT_001340,f6d352464586,MexD
PROT_001341,ab61a1df0d39,OprJ
PROT_001342,98823a5438e1,nalC
PROT_001343,0e3950521434,MexA
PROT_001344,ec2560dc0459,MexI
PROT_001345,d42af03aec28,PDC-116
PROT_001346,d1c2747d1b7f,MexF
PROT_001347,bb647bbdacd8,mexY
PROT_001348,b27c3f39b5fa,OprJ
PROT_001349,47cf9b3e4e0e,MexC
PROT_001350,9d454160484f,basS
PROT_001351,0ff6f9797eec,Pseudomonas aeruginosa gyrA conferring resistance to fluoroquinolones
PROT_001352,c696bd80bda6,arnA
PROT_001353,a4c757f063fa,mexY
PROT_001354,23d648b204b9,MexE
PROT_001355,93ea0fa0fcea,nalC
PROT_001356,ad35b94edaea,MexW
PROT_001357,220e44941c6b,MexV
PROT_001358,7677f9737612,MexZ
PROT_001359,ecc1ace3482b,MexI
PROT_001360,b394602d5819,PDC-15
PROT_001361,33bf370d2f37,MexK
PROT_001362,78d4047d6e27,arnA
PROT_001363,087a3d28ab66,cprR
PROT_001364,799ad63596cd,OpmB
PROT_001365,a679833a95d7,MexF
PROT_001366,a315df734eec,MexE
PROT_001367,1fa00eda82d0,OprM
PROT_001368,ebc4c74be219,MexB
PROT_001369,2bdc4b13644e,nalC
PROT_001370,6fa37593dac4,MexZ
PROT_001371,b63b56c55900,AAC(6')-Ib10
PROT_001372,22d0f4554168,OXA-74
PROT_001373,c6959b05bacf,MexF
PROT_001374,eb3d91d47a0c,aphA15
PROT_001375,3a6f36605e28,MexB
PROT_001376,895411e9dd61,MexK
PROT_001377,ba2c7fa6f00b,arnA
PROT_001378,5bf9ba4517d5,OprJ
PROT_001379,16a320823de1,nalC
PROT_001380,8c9e8df792b8,MexZ
PROT_001381,d3b78e787542,MexD
PROT_001382,56ad0a283631,mexY
PROT_001383,37642e8fe5d0,MexE
PROT_001384,23884838aa69,MexF
PROT_001385,e28b886c3880,MexH
PROT_001386,472485f96ca2,basS
PROT_001387,b669d9786854,Type B NfxB
PROT_001388,6811fef41bb9,MexS
PROT_001389,d0f1ea00a61a,OprJ
PROT_001390,d1dfa412ef30,mexY
PROT_001391,b5708f923e9f,PDC-129
PROT_001392,3b95b0f0c9a2,OXA-1140
PROT_001393,0f5d71498b4a,mexY
PROT_001394,7b1ea9782a44,MexV
PROT_001395,9e589a5a29f8,nalC
PROT_001396,feab3d0a3c6c,MexB
PROT_001397,6337c4fbdce1,cprR
PROT_001398,84d506fe1632,MexF
PROT_001399,94b9a81e3ef7,MexE
PROT_001400,0f7949a3aa10,mexY
PROT_001401,bb16343a7c19,MexD
PROT_001402,2a4235c49406,Pseudomonas aeruginosa gyrA conferring resistance to fluoroquinolones
PROT_001403,f40e1fa2518d,MexT
PROT_001404,559beeb2dcab,MexS
PROT_001405,0bc2bbc5d505,OpmD
PROT_001406,d8dbea9dd696,PDC-100
PROT_001407,ca1e92bd33f7,ArnT
PROT_001408,4f705f6534f2,arnA
PROT_001409,cf5b1a2ef8a9,mexY
PROT_001410,95c4fd9d6be7,OXA-1268
PROT_001411,f7cb28038b6c,OpmD
PROT_001412,d1673bcd6cd6,mexY
PROT_001413,f0cca318002c,MexZ
PROT_001414,e6cc8e96097f,PDC-374
PROT_001415,bcafe16912fa,basS
PROT_001416,95d75b078c79,MexS
PROT_001417,90c45590b022,FosA
PROT_001418,1107e61ba285,APH(3')-IIb
PROT_001419,03b784367076,arnA
PROT_001420,37855f529e2c,MexD
PROT_001421,de866b66cb94,OpmD
PROT_001422,3d58b8a5dc70,MexG
PROT_001423,ee0a7a38e48d,PDC-374
PROT_001424,5998f4eaae23,OpmB
PROT_001425,caea3bcd202e,MexD
PROT_001426,dc4d11d508ba,basS
PROT_001427,e000a1de6c60,MexK
PROT_001428,f8118ba27876,MexE
PROT_001429,ba99aa3ced65,MexB
PROT_001430,40f19cbb2804,OpmD
PROT_001431,551e4f37fb3a,PDC-22
PROT_001432,48aee8d93707,ArnT
PROT_001433,e83e6cca633d,arnA
PROT_001434,8a61b056d5be,OprN
PROT_001435,bf99c00cfc05,MexF
PROT_001436,794a426ac185,FosA
PROT_001437,4a7ebdda30ee,MexD
PROT_001438,89f53827f500,MexC
PROT_001439,5cb1a4cf846c,basS
PROT_001440,743acc6616ef,vanT gene in vanG cluster
PROT_001441,05d79cbb4726,OXA-1032
PROT_001442,91d81a76b3de,MexR
PROT_001443,6a412806f406,ArnT
PROT_001444,092077929bd3,MexR
PROT_001445,354ba66e5b3a,OprN
PROT_001446,e3014cc53eda,MexF
PROT_001447,b2b730211d9f,OXA-14
PROT_001448,a61b4ecdf3a3,MexS
PROT_001449,af9903b9ea64,MexT
PROT_001450,fe215140c95d,MexZ
PROT_001451,54804cd4742c,MexK
PROT_001452,db69a93d105b,MexS
PROT_001453,5e66362ea734,MexB
PROT_001454,e90b4e755a6c,AAC(6')-Ib9
PROT_001455,6321da4b38e4,IMP-56
PROT_001456,9eaa80235996,Pseudomonas aeruginosa gyrA conferring resistance to fluoroquinolones
PROT_001457,12199471374b,MexZ
PROT_001458,9873b78daa02,nalD
PROT_001459,7e0117b034ef,mexY
PROT_001460,7f0ab3e21a75,IMP-62
PROT_001461,bbeb62624bfa,APH(3')-VIa
PROT_001462,794f6f201127,OpmH
PROT_001463,6906ef26bb1c,MexD
PROT_001464,b9f89ef843b7,Type B NfxB
PROT_001465,90221e81e4ac,OpmD
PROT_001466,6feeba77f75b,OXA-46
PROT_001467,1f2503858c6e,Pseudomonas aeruginosa gyrA conferring resistance to fluoroquinolones
PROT_001468,32720dece6df,MexZ
PROT_001469,d3e7f6ff6837,PDC-43
PROT_001470,ae32d91ca600,MexI
PROT_001471,bb462be29e14,MexV
PROT_001472,5d5d72fff989,MexW
PROT_001473,aadfbf4788f2,OpmH
PROT_001474,5dbeaf09f469,FosA
PROT_001475,e5fa213b948d,MexK
PROT_001476,53e058370090,ArnT
PROT_001477,da64655f4dc3,OpmD
PROT_001478,1cea2ee17b1c,MexH
PROT_001479,02f66303d8d7,ArnT
PROT_001480,9f667b62d253,MexW
PROT_001481,cc3e3876e77a,Pseudomonas aeruginosa gyrA conferring resistance to fluoroquinolones
PROT_001482,90b5beb66f8e,mexY
PROT_001483,2a20bf1ff35d,APH(3')-VIa
PROT_001484,114a0553e607,AAC(6')-IIa
PROT_001485,0f2c9bfcd5af,APH(3')-VIa
PROT_001486,217e00f18921,OprJ
PROT_001487,248cb7b9d8b9,OprN
PROT_001488,237b698e4466,FosA
PROT_001489,a7e44e5021b2,MexH
PROT_001490,88818bf25886,APH(3')-VIa
PROT_001491,b0462d1b39c6,ArnT
PROT_001492,4cbdd258880b,MexH
PROT_001493,f63201dcefc5,mexY
PROT_001494,bfcd861ff780,APH(3'')-Ib
PROT_001495,2ec7e3cd89e2,OpmB
PROT_001496,a6f27a298776,MexZ
PROT_001497,251a72fb52d0,mexY
PROT_001498,4d29b0dd8720,APH(3')-VIa
PROT_001499,82e376cebfb2,MexT
PROT_001500,c5f6533ee25e,MexW
PROT_001501,87005b69d81f,MexD
PROT_001502,140738d1083c,MexC
PROT_001503,5e71be676705,APH(3')-IIb
PROT_001504,a97103bf5275,OpmD
PROT_001505,72c335b8d672,OpmH
PROT_001506,01bf85cf9f5f,MexA
PROT_001507,36ac4538e1ab,PDC-374
PROT_001508,6ac61a17d6cf,MexB
PROT_001509,baf283a7897c,mexY
PROT_001510,cb535caf4e0a,MexF
PROT_001511,a78b0991231f,ArnT
PROT_001512,4f2dd73919a1,PDC-174
PROT_001513,20499f8919db,OpmD
PROT_001514,54b254e8f813,AAC(6')-Ib7
PROT_001515,cfbb9d16b746,ANT(4')-IIb
PROT_001516,4727afc249db,OprJ
PROT_001517,3b3184aa7815,MexI
PROT_001518,5c20ae4dff03,PDC-71
PROT_001519,3199dc89681b,OprM
PROT_001520,1ddb382e94f4,arnA
PROT_001521,593b373c999d,MexZ
PROT_001522,c648b65716dc,ANT(2'')-Ia
PROT_001523,9870783e33e1,MexH
PROT_001524,78195a9d3d81,MexZ
PROT_001525,ae7778e3150f,MexE
PROT_001526,880328bb69b8,MexZ
PROT_001527,c9da7fe851c8,MexS
PROT_001528,34ebbc1e447f,MexA
PROT_001529,093093ee2160,MexR
PROT_001530,9ec5d7be98ea,MexS
PROT_001531,4fdc78a5de8b,MexT
PROT_001532,58c5bf3974b2,MexI
PROT_001533,2e9ab67ac10e,MexW
PROT_001534,eb366ceb8f45,mexY
PROT_001535,620d7d767067,PDC-122
PROT_001536,23c2bf86a60d,MexJ
PROT_001537,13361006251a,MexI
PROT_001538,b5b5b7fd52e1,PDC-44
PROT_001539,787df1b77d7a,Pseudomonas aeruginosa gyrA conferring resistance to fluoroquinolones
PROT_001540,056871f60d65,OprN
PROT_001541,0da1609596e6,MexF
PROT_001542,f6c8aae47e19,APH(3')-VIa
PROT_001543,256ca6b07193,basS
PROT_001544,34137a41ac6d,ArnT
PROT_001545,5d4d81c6840c,OXA-1022
PROT_001546,e093facd3471,MexS
PROT_001547,428bf14c0832,MexI
PROT_001548,2ca3c13fa823,PDC-45
PROT_001549,199d62e27ce3,OpmB
PROT_001550,d641152b2fbb,MexF
PROT_001551,567d66de7bd5,OXA-847
PROT_001552,fd410aece915,AAC(6')-Ib9
PROT_001553,8629d318561a,MexB
PROT_001554,60089968bf76,MexJ
PROT_001555,68046de350d9,MexR
PROT_001556,7cca2a105cfa,Type B NfxB
PROT_001557,a65867d51a9e,MexT
PROT_001558,fee3a5ab9fd8,MexS
PROT_001559,d8e580a60ed6,MexZ
PROT_001560,32e4cc7fc2de,MexI
PROT_001561,d576290ecfcf,OpmD
PROT_001562,7465e7976d2c,ArnT
PROT_001563,246559a94615,MexD
PROT_001564,63fefe384393,MexS
PROT_001565,6f6659c0b761,nalC
PROT_001566,4e67fe949f37,MexI
PROT_001567,6c37cc4958a1,ANT(2'')-Ia
PROT_001568,f3152e9c9427,basS
PROT_001569,9d5beb30283f,OpmH
PROT_001570,a8d1a235ce64,MexK
PROT_001571,704da5fa9cd8,OpmB
PROT_001572,ed35b9aace0b,OXA-1030
PROT_001573,451f8a749140,MexZ
PROT_001574,e12959b0e2dd,MexJ
PROT_001575,1154a5ac3f61,PDC-533
PROT_001576,3760dfbb5d82,mexY
PROT_001577,974b57a05fd5,OprN
PROT_001578,c7563fcd7ea2,MexB
PROT_001579,a5103c2cb5c2,OprN
PROT_001580,887aa24a7dfe,mexY
PROT_001581,362bdf008af6,MexA
PROT_001582,9bb080df1089,basS
PROT_001583,0c1c9ad73637,Pseudomonas aeruginosa gyrA conferring resistance to fluoroquinolones
PROT_001584,8f5477b25031,MexB
PROT_001585,ea4320b7f380,MexB
PROT_001586,c81a76617bf9,cprR
PROT_001587,e07bf7f4438b,MexF
PROT_001588,4453e2d914a7,arnA
PROT_001589,06fb6178c2bc,basS
PROT_001590,861660e6eb58,MexJ
PROT_001591,b3606c70d950,MexK
PROT_001592,3cfbe796d75b,MexA
PROT_001593,a95512b86b91,MexB
PROT_001594,29810113f2d7,MexT
PROT_001595,6210c6caec53,basS
PROT_001596,dfafc0a05af2,mexY
PROT_001597,ed7f50b26953,MexB
PROT_001598,21767b3437f5,MexT
PROT_001599,706e7fe30e7e,Pseudomonas aeruginosa gyrA conferring resistance to fluoroquinolones
PROT_001600,25d57d4d86f0,MexB
PROT_001601,2bcae9b78755,OprN
PROT_001602,610eddb0d39c,FosA
PROT_001603,ff507955719a,OXA-1270
PROT_001604,0b953ac1b860,MexI
PROT_001605,fd17384e80db,PDC-47
PROT_001606,340c5533fbbe,OprN
PROT_001607,368eedfca7b4,MexA
PROT_001608,32c88e1a4ad2,arnA
PROT_001609,d21de51646fc,MexB
PROT_001610,ff11bf010c98,MexF
PROT_001611,f26c8714b9f3,MexB
PROT_001612,76b57b2ec3d9,MexD
PROT_001613,ad7eb61ce19a,mexY
PROT_001614,8171cfcddc0f,MexI
PROT_001615,c791ee316ddb,basS
PROT_001616,4cc3b1d3272e,basS
PROT_001617,9b4c7c49df1b,MexH
PROT_001618,149ecee3e6bf,mexY
PROT_001619,1feb6fe43358,cprR
PROT_001620,efaf1f4d2c99,MexH
PROT_001621,205e64dfbf5f,OprJ
PROT_001622,399bf1047f12,OprN
PROT_001623,80434ce7e388,mexY
PROT_001624,d519fe4574be,Pseudomonas aeruginosa gyrA conferring resistance to fluoroquinolones
PROT_001625,0377a146d7d5,FosA
PROT_001626,3d57124faf86,MexB
PROT_001627,0a87cc0bff75,PDC-533
PROT_001628,52dfeae3df5d,Pseudomonas aeruginosa gyrA conferring resistance to fluoroquinolones
PROT_001629,c6914d27cbe6,OprN
PROT_001630,7065a56ba2c4,OprN
PROT_001631,86049458ba42,APH(3')-IIb
PROT_001632,57aef7399ea2,MexA
PROT_001633,f629500b172f,MexB
PROT_001634,7e498ca24ed0,OprN
PROT_001635,74d4d384eb9a,basS
PROT_001636,6ae5b412c2af,MexV
PROT_001637,19b96d00baeb,MexW
PROT_001638,3a17ddb77e5d,MexB
PROT_001639,6b265cd1965c,Pseudomonas aeruginosa gyrA conferring resistance to fluoroquinolones
PROT_001640,3abda77ade96,nalD
PROT_001641,12fb1d9102bd,basS
PROT_001642,0a9ccee4eb7e,MexK
PROT_001643,9be703721d96,basS
PROT_001644,4b6d9401f3b0,OXA-101
PROT_001645,e16c501be7d1,OprN
PROT_001646,bbd3720b188e,PDC-606
PROT_001647,bfe9f785c89a,OprN
PROT_001648,c14824c9832b,MexB
PROT_001649,ce4e3bb31fd9,MexW
PROT_001650,cdf8883c645e,OprN
PROT_001651,3357a11d6e16,arnA
PROT_001652,706970c960e1,Type B NfxB
PROT_001653,af61b28c3eaa,OprN
PROT_001654,84fe8e4a6f80,basS
PROT_001655,c6984d5afad9,OprN
PROT_001656,a89965596177,OprN
PROT_001657,e215daaac338,OXA-1289
PROT_001658,f7476d7ca244,OpmD
PROT_001659,c3bd33746334,MexI
PROT_001660,302dde5afb99,MexV
PROT_001661,426ced4399a8,OprJ
PROT_001662,4127d79871ab,MexC
PROT_001663,84c776457160,ArnT
PROT_001664,e5f60378aed0,arnA
PROT_001665,98d8782974bb,OprM
PROT_001666,d7e9d4f0d1bf,nalC
PROT_001667,672daca06948,OprN
PROT_001668,dbd405f09cb3,OprN
PROT_001669,9b6e9d218ebf,MexB
PROT_001670,ac15495ba6b6,OprN
PROT_001671,2a2fe332047e,OprN
PROT_001672,aa077f006ea4,APH(3')-IIb
PROT_001673,987fb34e75f3,PDC-129
PROT_001674,c42bcd41da11,Pseudomonas mutant PhoQ conferring resistance to colistin
PROT_001675,44fd5ef23cd0,OXA-50
PROT_001676,0956a7c91b94,mexY
PROT_001677,f576a16e6579,MexI
PROT_001678,26069461a12e,MexW
PROT_001679,b559943e1d57,basS
PROT_001680,cebf92b7e4ea,arnA
PROT_001681,fd8c7b27a222,OXA-50
PROT_001682,b3494278aa04,mexY
PROT_001683,1d076571ea47,Type B NfxB
PROT_001684,fc54bfa64716,OprN
PROT_001685,aa8ea5b3f0d3,basS
PROT_001686,37e5b20c9135,OpmH
PROT_001687,98b2b7c81565,Pseudomonas aeruginosa gyrA conferring resistance to fluoroquinolones
PROT_001688,e3df924a7db0,OprN
PROT_001689,0da0d56c26a5,MexK
PROT_001690,86e1639b04ff,Pseudomonas aeruginosa gyrA conferring resistance to fluoroquinolones
PROT_001691,80890d5f45da,MexZ
PROT_001692,1c15937751c7,mexY
PROT_001693,50f9342c7856,OprN
PROT_001694,7d4bf82e5bd1,MexB
PROT_001695,3226a1f427f9,Pseudomonas aeruginosa gyrA conferring resistance to fluoroquinolones
PROT_001696,b2671458ff55,OpmH
PROT_001697,e29f4075a69c,MexC
PROT_001698,0b16545a3398,OprJ
PROT_001699,d7a5b381cfd7,MexW
PROT_001700,909c8679542b,MexV
PROT_001701,60d301c54b22,APH(3')-IIb
PROT_001702,7a48fbd74ed0,nalC
PROT_001703,e9458e156e23,MexH
PROT_001704,c49ff0f16569,MexK
PROT_001705,c393d9ec2259,MexT
PROT_001706,596198ca27e4,ANT(2'')-Ia
PROT_001707,42e1b0a40543,OpmH
PROT_001708,38395bbc9c5d,MexS
PROT_001709,6a9a6cb0297f,MexG
PROT_001710,b2d94cb2a230,arnA
PROT_001711,7dc3c633422c,ArnT
PROT_001712,4e53aaf6f7f6,OXA-1140
PROT_001713,13ff07891d6b,basS
PROT_001714,4157d79ad54e,APH(3')-IIb
PROT_001715,975c847c444e,mexY
PROT_001716,e4da137019fd,MexZ
PROT_001717,1c2c46d5b15b,mexY
PROT_001718,5c05ba7c2b19,OpmD
PROT_001719,4065a60098ce,mexY
PROT_001720,0abd7c4e01b9,arnA
PROT_001721,5653ee6c97c8,PDC-432
PROT_001722,4c0a73926fe7,OXA-1131
PROT_001723,26bd6499272e,MexK
PROT_001724,677153c0fe5c,ArnT
PROT_001725,b119e8587800,arnA
PROT_001726,c4af772c9432,OprJ
PROT_001727,ba9ddf6fdf4d,MexC
PROT_001728,14f2338d6fbb,AAC(6')-31
PROT_001729,728d1034e393,PDC-11
PROT_001730,f04e54d8c8a8,AAC(6')-Ib10
PROT_001731,9f4f74edf446,MexZ
PROT_001732,edbd3dd9d6e6,nalD
PROT_001733,5604712ea25e,cprR
PROT_001734,2ca179fd9c60,mexY
PROT_001735,57daebdaa7e6,MexS
PROT_001736,ae80674e18d6,ArnT
PROT_001737,8d1898578c1d,MexC
PROT_001738,d95a8aa12bac,APH(3')-IIb
PROT_001739,98cf990e1005,OpmD
PROT_001740,60075c13d6a8,MexT
PROT_001741,bd9ca77709a2,OprN
PROT_001742,9decdc9221c9,MexE
PROT_001743,b3c0a3bd8bac,MexH
PROT_001744,5fcb154b3d58,MexC
PROT_001745,cbc0e7b645be,MexW
PROT_001746,421988cbe59e,OpmH
PROT_001747,e99bdd247984,PDC-127
PROT_001748,2dd18d522376,ArnT
PROT_001749,d0391dd8d57e,arnA
PROT_001750,48486008257b,MexZ
PROT_001751,f09e8657a6db,AAC(6')-I33
PROT_001752,38bc46fe275d,AAC(6')-Ib9
PROT_001753,66f0ed87eb7e,MexD
PROT_001754,7897f92496dc,AAC(6')-Ib10
PROT_001755,32f16b0e0526,OprN
PROT_001756,9f00a8ab3f2c,MexV
PROT_001757,7db9163a2758,arnA
PROT_001758,35b93ed45413,OpmH
PROT_001759,3cd164e28696,MexZ
PROT_001760,5820532322c0,APH(3')-Ib
PROT_001761,bb999cdb1ed9,ANT(2'')-Ia
PROT_001762,72a7bd898c51,MexD
PROT_001763,85062319efd9,mexY
PROT_001764,9933ca935e96,VIM-11
PROT_001765,5d12dd4bd46a,AAC(6')-IIa
PROT_001766,5077e6c50604,Pseudomonas aeruginosa gyrA conferring resistance to fluoroquinolones
PROT_001767,4874d4258fa2,MexS
PROT_001768,a5aee541f2b8,MexZ
PROT_001769,439873f860db,mexY
PROT_001770,bbc58d042be7,MexS
PROT_001771,95001d3a2e82,OpmB
PROT_001772,a7f98925d3ea,mexY
PROT_001773,bb6d4888857e,basS
PROT_001774,db96fc3ea0b7,OXA-1127
PROT_001775,a238f33fcab8,MexI
PROT_001776,335e9626add6,ArnT
PROT_001777,68c6a2f77f85,OpmD
PROT_001778,6bcb1843486d,cprR
PROT_001779,ee42b667a191,nalC
PROT_001780,6b76cd7b74fa,MexS
PROT_001781,acc91124b027,Type B NfxB
PROT_001782,76170f40dd61,MexD
PROT_001783,b067ac577a95,OXA-1276
PROT_001784,609f36efc92d,arnA
PROT_001785,e7f31f96880d,APH(3')-IIb
PROT_001786,c087b994b5f3,MexS
PROT_001787,8f4b54f83a61,OpmH
PROT_001788,d7ef54d26465,MexD
PROT_001789,065121187e18,MexW
PROT_001790,eb2d6654d203,MexV
PROT_001791,0ddc9589ebca,FosA
PROT_001792,c3c14ff063d0,OprN
PROT_001793,c3765e38014a,arnA
PROT_001794,cb1f23fc8230,PDC-620
PROT_001795,9416c167c221,OXA-1135
PROT_001796,b134f2200c43,Type B NfxB
PROT_001797,2e9297ad0503,MexZ
PROT_001798,ae8b269afd5e,nalC
PROT_001799,ebfa2a93948e,MexV
PROT_001800,5e276db52be3,OprJ
PROT_001801,f1045bfd86db,MexC
PROT_001802,d31d2efce387,basS
PROT_001803,8f4cc4fd483b,vanT gene in vanG cluster
PROT_001804,2d1d5a44ac74,OpmH
PROT_001805,a2145978ef91,ArnT
PROT_001806,2f4b10a7326f,OpmB
PROT_001807,35222ff5346e,FosA
PROT_001808,626a1b8d1f8c,MexJ
PROT_001809,fb38304f726e,MexK
PROT_001810,bc931332fa6c,ArnT
PROT_001811,eefed71b6547,arnA
PROT_001812,ff440ae926e0,MexE
PROT_001813,b58c20228a9d,FosA
PROT_001814,f0b50e6711a2,IMP-91
PROT_001815,301403999bfb,MexV
PROT_001816,9f2f825c05d9,MexW
PROT_001817,8034f073166f,basS
PROT_001818,37cff34b5d8d,vanT gene in vanG cluster
PROT_001819,1fc7f8a10444,nalC
PROT_001820,d615b86a3176,nalD
PROT_001821,516e0e2002cd,arnA
PROT_001822,2d0ed87a304d,MexD
PROT_001823,9a4e8a6cfe64,MexS
PROT_001824,2a0b2c96859c,OprM
PROT_001825,8ae19d25c33a,arnA
PROT_001826,9b295ff1ffdf,IMP-15
PROT_001827,b2e520e35596,MexF
PROT_001828,438ff99976b9,OpmD
PROT_001829,3ee0c4f5b6f2,nalD
PROT_001830,d6050e331386,AAC(6')-Iai
PROT_001831,57aeef48e1a4,MexA
PROT_001832,e3b808eaf518,basS
PROT_001833,0f806363e16e,mexY
PROT_001834,9381406591fc,PDC-52
PROT_001835,3a318e4c347d,basS
PROT_001836,5dad3d8992e6,MexZ
PROT_001837,267de9c577b3,basS
PROT_001838,415062334a19,MexS
PROT_001839,02c2a4b36c2f,MexB
PROT_001840,ad46749ff22c,Pseudomonas aeruginosa gyrA conferring resistance to fluoroquinolones
PROT_001841,8d115b1b3b64,OprN
PROT_001842,a4a4de9a3597,OprN
PROT_001843,942635c51672,Pseudomonas aeruginosa gyrA conferring resistance to fluoroquinolones
PROT_001844,1a444754e68e,MexS
PROT_001845,6eca4803694a,OpmD
PROT_001846,5f675edc357a,ArnT
PROT_001847,294c4912c4e7,ANT(2'')-Ia
PROT_001848,b3bb66f8f768,OpmH
PROT_001849,734702ad2efa,MexE
PROT_001850,f350da890a4b,OpmB
PROT_001851,c7d5741df5b8,MexW
PROT_001852,480693451b23,MexJ
PROT_001853,f73e899540c3,ArnT
PROT_001854,548c8f60a177,arnA
PROT_001855,c91bb0cdf5c6,mexY
PROT_001856,30728dfcf0cc,PDC-214
PROT_001857,6f1988ad52cb,APH(3')-IIb
PROT_001858,fb8cf24b2ff9,FosA8
PROT_001859,1c01d0e85ee3,OXA-1029
PROT_001860,afaca9c55477,OpmH
PROT_001861,f1af4e3175ea,vanT gene in vanG cluster
PROT_001862,6ceedd251a13,MexH
PROT_001863,dc7065b6296c,MexE
PROT_001864,828d1014a2e6,Type B NfxB
PROT_001865,0034afef98ee,MexI
PROT_001866,431b111f2eee,OpmH
PROT_001867,e87f4c4caccd,arnA
PROT_001868,ee3fd05ef38b,MexK
PROT_001869,4f3c47664f57,MexW
PROT_001870,b8ed34e08dd3,MexF
PROT_001871,15216f0abcc3,mexY
PROT_001872,fce67d0d3786,MexZ
PROT_001873,7c1e683b0a64,ArnT
PROT_001874,c9998b047afd,OprM
PROT_001875,84b81479cf87,MexD
PROT_001876,4a9d296ebfb8,mexY
PROT_001877,7761a8aedae8,OpmB
PROT_001878,de7c3ac87d22,cprR
PROT_001879,ab8a159ced28,MexH
PROT_001880,5198428a5046,FosA8
PROT_001881,841268a6dd88,MexG
PROT_001882,ef03267d54f4,MexB
PROT_001883,b3990d7d9254,MexE
PROT_001884,6450b6f3dfc3,ArnT
PROT_001885,b6ac5372a536,MexD
PROT_001886,ed3a495ccc47,MexR
PROT_001887,62c4020f565c,OprJ
PROT_001888,8be2835d18b5,MexT
PROT_001889,b1893bee001b,MexS
PROT_001890,b5fb9b98577f,AAC(6')-Ib9
PROT_001891,b6b522eb5a52,MexI
PROT_001892,c0bf8c32a5db,MexH
PROT_001893,9e6b8533285c,basS
PROT_001894,19852c3c86fc,MexB
PROT_001895,75c370547320,arnA
PROT_001896,2d29608cfcd1,MexV
PROT_001897,6e0f4f382c6b,mexY
PROT_001898,56a4794f8208,nalD
PROT_001899,e8c3d4407546,MexW
PROT_001900,a8f48e55c9ad,MexD
PROT_001901,db12e4900c88,ArnT
PROT_001902,96c7b6ffb07b,arnA
PROT_001903,257c1e155b2f,MexS
PROT_001904,dea52f6b63dd,mexY
PROT_001905,07f6b0d8ecea,OXA-1023
PROT_001906,3d1e437ae691,ArnT
PROT_001907,1af22f939279,MexA
PROT_001908,70d25cda4b21,MexD
PROT_001909,36856495cd6f,OprJ
PROT_001910,e3c6cc9b63f6,OpmD
PROT_001911,47927701df6b,basS
PROT_001912,968c3c82f400,Pseudomonas aeruginosa gyrA conferring resistance to fluoroquinolones
PROT_001913,c62739aa2e70,MexS
PROT_001914,39403cbfe726,MexT
PROT_001915,3e709b12f6fc,nalD
PROT_001916,f76a7aed9840,Type B NfxB
PROT_001917,ff39eb19742f,MexH
PROT_001918,3fd284a8ed38,MexI
PROT_001919,52f4577858de,OprN
PROT_001920,b5800635662a,MexZ
PROT_001921,5815ccd0471c,OpmD
PROT_001922,430d99e98170,OXA-50
PROT_001923,99135519af4b,MexS
PROT_001924,808f432bf435,basS
PROT_001925,73a4a7ff4e57,MexB
PROT_001926,1035ba5b9217,MexE
PROT_001927,fdb35a6808ff,MexZ
PROT_001928,68aa6a585a6a,basS
PROT_001929,86d5be483b25,mexY
PROT_001930,ae65e3ea3bcc,PDC-48
PROT_001931,b41ad1c63ffe,MexF
PROT_001932,4eeca891c60e,MexZ
PROT_001933,2f34b7be45f8,OpmH
PROT_001934,351325e465b4,OprJ
PROT_001935,24b46a3f91ee,arnA
PROT_001936,6889449a01b1,MexK
PROT_001937,d153e37983ef,OXA-50
PROT_001938,f0efa662cfd7,PDC-49
PROT_001939,d797fdadc1e2,basS
PROT_001940,d3bf962022b9,MexB
PROT_001941,4ac7009fca58,MexF
PROT_001942,866004bef604,MexE
PROT_001943,9218f5be2d17,cprR
PROT_001944,3685c32c71a8,Pseudomonas aeruginosa gyrA conferring resistance to fluoroquinolones
PROT_001945,d523e0e22cb6,nalD
PROT_001946,87ef1ad72707,MexS
PROT_001947,15b11037d658,mexY
PROT_001948,a88a9cb4654d,MexB
PROT_001949,b541feca8639,PDC-50
PROT_001950,fb3abec722ac,basS
PROT_001951,f9f5bf7e6527,cprR
PROT_001952,cde89801cd78,nalC
PROT_001953,774e980a774c,MexS
PROT_001954,7effc3c35cc8,MexT
PROT_001955,5f70b1c8fa74,OprJ
PROT_001956,4fd02b84a5e0,mexY
PROT_001957,e598fdb78b5d,MexT
PROT_001958,9bc3bf91a8eb,MexK
PROT_001959,46d6a168001d,MexZ
PROT_001960,178957dc9806,PDC-53
PROT_001961,6d954f30862c,OprM
PROT_001962,f1a5ce2dea41,MexB
PROT_001963,037a1ef0b6c2,MexE
PROT_001964,92c561d9ca6b,basS
PROT_001965,7bc2be9eeb3e,MexT
PROT_001966,c7ef6357833e,MexZ
PROT_001967,4fb155e6efdd,MexC
PROT_001968,e50ef2c00c7d,MexB
PROT_001969,e7cb4c191dc1,MexH
PROT_001970,1c1fdc9f4c3f,Type B NfxB
PROT_001971,5a31b92cd597,PDC-72
PROT_001972,ec3c4467b754,ArnT
PROT_001973,bec8c0516628,MexK
PROT_001974,9b36850597e0,OprM
PROT_001975,42b709e0e259,MexW
PROT_001976,83556cf7ca39,mexY
PROT_001977,1315cf5d8c94,MexF
PROT_001978,e70622e8887a,MexK
PROT_001979,92324d054833,MexZ
PROT_001980,3587e7a165a4,MexS
PROT_001981,6011abedb375,MexH
PROT_001982,2697273cd74b,mexY
PROT_001983,a43875783d9f,MexR
PROT_001984,3e4a43dfcd18,basS
PROT_001985,82f5b4137ced,mexY
PROT_001986,6410b6bf568d,MexA
PROT_001987,f1c391331d05,OprN
PROT_001988,90dcfbd3a60f,MexZ
PROT_001989,6e3d108c86d4,PDC-240
PROT_001990,bafc9d93392e,MexF
PROT_001991,44d9e67e3cb5,nalD
PROT_001992,7d2fcd1f2433,MexE
PROT_001993,96ff963afa13,arnA
PROT_001994,901fd079da2c,ArnT
PROT_001995,45afb65c6a71,OpmD
PROT_001996,c5dca67d9fae,MexI
PROT_001997,eaf77933448a,basS
PROT_001998,55104dfb6fbb,mexY
PROT_001999,c7aaf7ffbf12,MexB
PROT_002000,4c94459457c0,MexC
PROT_002001,cb2f4cbec6fe,MexD
PROT_002002,809950c3ef1f,Pseudomonas aeruginosa gyrA conferring resistance to fluoroquinolones
PROT_002003,c498f2f78a60,MexS
PROT_002004,d03ae24318c5,mexY
PROT_002005,cd27d95e46ba,MexW
PROT_002006,99dc75a12e81,MexD
PROT_002007,04393daf82d2,MexC
PROT_002008,0f3706d31d12,MexI
PROT_002009,6d3a254d3098,MexK
PROT_002010,40864a565afb,MexE
PROT_002011,fdfe7122184b,MexF
PROT_002012,14e8771e86fa,MexA
PROT_002013,e297b759864e,MexZ
PROT_002014,3a60e5a7323e,MexI
PROT_002015,412738874ef8,OpmH
PROT_002016,fa9e7f45d5dd,ArnT
PROT_002017,f4aed859ba3c,OprN
PROT_002018,d48411a38acd,basS
PROT_002019,3bc8ee150950,MexI
PROT_002020,fbf06488323c,cprR
PROT_002021,cd4b8172c0ad,mexY
PROT_002022,233c45baac27,ArnT
PROT_002023,f8d4815e422b,MexW
PROT_002024,da389a866f6b,MexC
PROT_002025,7d0f9bb12aa6,MexK
PROT_002026,590e76a2f8e8,Pseudomonas aeruginosa gyrA conferring resistance to fluoroquinolones
PROT_002027,9c1b60fcc245,mexY
PROT_002028,5d2073e58b87,MexI
PROT_002029,2fa013408780,MexH
PROT_002030,396470a7a16c,MexB
PROT_002031,82c56560894e,PDC-6
PROT_002032,4b74c8c3079e,MexK
PROT_002033,1e253ed592aa,MexZ
PROT_002034,a814db697ff0,OpmH
PROT_002035,b61bd58737e0,MexW
PROT_002036,c9871955a326,MexE
PROT_002037,db619cc4839d,OprN
PROT_002038,39a47730fb50,OpmB
PROT_002039,d6bc07d56ec9,OXA-1294
PROT_002040,c8e7a8b1e2a6,cprR
PROT_002041,66858c6d5fd7,PDC-41
PROT_002042,88d975f87722,MexH
PROT_002043,ece42e934d82,MexI
PROT_002044,fe530dd7c159,mexY
PROT_002045,103b240943a2,MexK
PROT_002046,bbae073c69b9,MexS
PROT_002047,1bef754fc800,OpmD
PROT_002048,2e73774058ef,MexH
PROT_002049,fa378f60a002,MexR
PROT_002050,fb887cdf9917,aphA15
PROT_002051,01ec3c3b1d05,OprJ
PROT_002052,20d51d17e028,arnA
PROT_002053,d3c28ede418b,MexR
PROT_002054,53aa0449f3bf,ArnT
PROT_002055,6c4269a201af,basS
PROT_002056,1799ccd98ce1,MexD
PROT_002057,1924d8b93cbf,MexC
PROT_002058,b77d93272326,Type B NfxB
PROT_002059,0d12ae1768a1,MexC
PROT_002060,3c48ceeb421f,Pseudomonas aeruginosa gyrA conferring resistance to fluoroquinolones
PROT_002061,c172a54085c3,MexB
PROT_002062,f5b70dcf3968,MexZ
PROT_002063,256a4556e8c6,MexK
PROT_002064,494f72a3adda,MexZ
PROT_002065,bac647db01cf,arnA
PROT_002066,f3a362828287,MexJ
PROT_002067,6d1abad00860,MexV
PROT_002068,5776ddc41f90,MexH
PROT_002069,0eb293a74cb9,PDC-51
PROT_002070,7977d1825062,MexA
PROT_002071,bb5fa3d7fdb9,MexB
PROT_002072,2f965a240ed1,OpmB
PROT_002073,e7ae9a691584,OprN
PROT_002074,4cf49652d476,MexF
PROT_002075,a7873c1b9c23,basS
PROT_002076,107eb022c56f,MexZ
PROT_002077,a0bab735b1a9,mexY
PROT_002078,1dc54269aeff,MexW
PROT_002079,0fc6d0bbee72,OprM
PROT_002080,7beee2fed339,MexA
PROT_002081,16395ca7549a,APH(3')-IIb
PROT_002082,d7cf523d38d6,MexK
PROT_002083,20f2957e9784,cprR
PROT_002084,6fa4b5f9462d,MexH
PROT_002085,6b08ce43f6d2,MexW
PROT_002086,86882455c859,OprJ
PROT_002087,e24f86c23c50,MexD
PROT_002088,fc094b80b3ed,basS
PROT_002089,95dee0f06358,MexS
PROT_002090,b56653dafa0e,MexZ
PROT_002091,69a712b01be0,mexY
PROT_002092,bbb04c68726b,MexJ
PROT_002093,681c11ea4bb0,OpmD
PROT_002094,7c2064621fbf,MexI
PROT_002095,776e5d337300,mexY
PROT_002096,f60f02575f3f,MexW
PROT_002097,cab4efcffee8,Type B NfxB
PROT_002098,dd4e11e38ef3,MexS
PROT_002099,1bf11a5423d5,OprJ
PROT_002100,63fb8c4d8829,MexD
PROT_002101,a077911c37c2,MexC
PROT_002102,80d68592764a,MexJ
PROT_002103,2722ab048a33,ArnT
PROT_002104,68f3ab5bcc19,MexI
PROT_002105,4f06092df17d,MexH
PROT_002106,e039247b7f06,APH(3')-IIb
PROT_002107,ec557d10cec9,PDC-63
PROT_002108,52c127475cb2,FosA
PROT_002109,f082ee66f54d,MexV
PROT_002110,c8097915ce1f,basS
PROT_002111,629721341875,mexY
PROT_002112,c042e069d74b,MexK
PROT_002113,263a6deb0887,MexI
PROT_002114,48867f8faa13,MexH
PROT_002115,997f2e51d570,MexS
PROT_002116,e4d440cf1d63,MexD
PROT_002117,74300e34ba58,MexA
PROT_002118,380046c6ea35,MexZ
PROT_002119,ca223f86ca06,OpmD
PROT_002120,d2621425aed9,ArnT
PROT_002121,df8e65ffcf47,MexR
PROT_002122,96be436c5a56,OpmH
PROT_002123,f1dfa841dc74,MexW
PROT_002124,6227767d1703,MexD
PROT_002125,26ffe8afdf11,MexC
PROT_002126,4e2cafdf2f3b,MexH
PROT_002127,532c63e22d57,MexE
PROT_002128,84a88323cf54,ArnT
PROT_002129,8302b771c4be,MexJ
PROT_002130,ea8076ced06a,OXA-677
PROT_002131,79ccfa422621,FosA
PROT_002132,3ba518cd6ac8,vanT gene in vanG cluster
PROT_002133,783b496e6fa2,OpmH
PROT_002134,38eae6749bf9,ArnT
PROT_002135,91ca90fe0c9d,OXA-1269
PROT_002136,3004be8c0299,MexZ
PROT_002137,866f8870f667,MexD
PROT_002138,fb7a161fe9ac,OprJ
PROT_002139,0952fef03f65,mexY
PROT_002140,8222ffb4da4a,MexT
PROT_002141,4d04b5008409,MexK
PROT_002142,e1b748ed9b70,OprN
PROT_002143,ab94d96d6462,nalD
PROT_002144,60de1c77ec5f,OpmH
PROT_002145,bda74a088f35,MexC
PROT_002146,e1976a5b7528,ArnT
PROT_002147,fe56606d43f6,MexZ
PROT_002148,d32fe95a9ca6,MexC
PROT_002149,2c3af104de9b,MexD
PROT_002150,a6e35f06186f,OpmH
PROT_002151,5855b51405c1,vanT gene in vanG cluster
PROT_002152,0f6dff0fd889,basS
PROT_002153,b589f70d9d01,ArnT
PROT_002154,33551e6f287a,APH(3')-IIb
PROT_002155,0bea93efe500,MexG
PROT_002156,2480671b0b39,OpmD
PROT_002157,247e6ab67716,nalD
PROT_002158,ff4381dbfed6,MexZ
PROT_002159,72e6238983a4,MexD
PROT_002160,5c4d39eb2914,OprN
PROT_002161,4861ca010d7b,PDC-67
PROT_002162,f5f3407b6c9e,MexZ
PROT_002163,62ae4bd149c9,mexY
PROT_002164,0fbe64f3fde8,OprN
PROT_002165,26d19013dbc3,MexC
PROT_002166,850cb8adf83c,MexD
PROT_002167,4c2890e74ae7,vanT gene in vanG cluster
PROT_002168,9c02461862fa,ArnT
PROT_002169,5e0a0f64fe75,Type B NfxB
PROT_002170,3c30367a5a21,MexV
PROT_002171,d4d0dc149d46,APH(3')-VIa
PROT_002172,d5af87c39acd,MexI
PROT_002173,daac84c8696d,MexG
PROT_002174,a2264f0565db,mexY
PROT_002175,c31e5e23bd2b,MexJ
PROT_002176,3d67b5f1849e,arnA
PROT_002177,5a6a3e07ac72,MexB
PROT_002178,c907b0b4df36,Pseudomonas aeruginosa gyrA conferring resistance to fluoroquinolones
PROT_002179,bdf53bc3e916,FosA
PROT_002180,ea022fb78798,Pseudomonas aeruginosa gyrA conferring resistance to fluoroquinolones
PROT_002181,e2a2ac6dc4ed,MexZ
PROT_002182,fd3167a1c903,MexH
PROT_002183,8c0d927370d4,MexW
PROT_002184,03820f8a6583,OprN
PROT_002185,ebee801840cb,MexE
PROT_002186,184e30be528a,mexY
PROT_002187,ac4d40445d38,MexJ
PROT_002188,aa5990230b0e,MexA
PROT_002189,5fa3986f3b3d,MexT
PROT_002190,9670b1129433,MexS
PROT_002191,2bbe2458acfd,ANT(2'')-Ia
PROT_002192,332b998fee34,mexY
PROT_002193,f51b062400c5,MexD
PROT_002194,b9cd87532a94,MexW
PROT_002195,587c1dbb9fb3,MexA
PROT_002196,ea22c7e262d6,MexB
PROT_002197,65c0b2758bd5,PDC-19a
PROT_002198,c18ba2dbb9f0,APH(3')-IIb
PROT_002199,44ea738de1ed,MexH
PROT_002200,d4fab5563f0f,APH(3')-Ia
PROT_002201,674fab47f84f,MexF
PROT_002202,04ab8d6b16c8,arnA
PROT_002203,1ad1d240a17f,ArnT
PROT_002204,5adca3337666,MexK
PROT_002205,2020ca6d500f,MexZ
PROT_002206,f178a1a807f4,MexT
PROT_002207,a3a4d4337978,MexS
PROT_002208,27eea2a66902,MexB
PROT_002209,4c61c3275855,PDC-8
PROT_002210,1fa8ed93413e,APH(3')-IIb
PROT_002211,4a6351dbffb9,MexE
PROT_002212,3322b5240edf,MexF
PROT_002213,0ef058ba9a5a,MexI
PROT_002214,ca8ee35a2422,MexH
PROT_002215,5207ee2c7050,arnA
PROT_002216,630f41db70e8,mexY
PROT_002217,537c955b01d1,OpmH
PROT_002218,4328e86af35a,MexE
PROT_002219,ac67e2205c15,MexB
PROT_002220,2d449956d77c,MexJ
PROT_002221,4c15a59ffa82,APH(3')-IIb
PROT_002222,a192f3d91c02,nalD
PROT_002223,58f7b7046d48,OXA-50
PROT_002224,ab3345330e41,MexB
PROT_002225,87309cac8c21,MexC
PROT_002226,e80c779bfcb9,mexY
PROT_002227,89836d8ca87a,ArnT
PROT_002228,f3d1d46f0cbb,AAC(6')-31
PROT_002229,dc5a7a8a0eac,MexW
PROT_002230,5f4fbca88bd7,MexH
PROT_002231,f87b5f89bdf7,PDC-117
PROT_002232,b4b7f9b7e5bb,MexZ
PROT_002233,1bf2fcde48f8,OXA-494
PROT_002234,f98da702f57d,OprN
PROT_002235,2ee4366f3cd2,MexF
PROT_002236,0c3899848be1,MexE
PROT_002237,f1a7495177fd,MexB
PROT_002238,0f439f044d9b,MexA
PROT_002239,53f096d19770,basS
PROT_002240,add147b1d87b,ArnT
PROT_002241,cc3716b4e5a6,APH(3')-IIb
PROT_002242,92fe8ff31a65,Pseudomonas aeruginosa gyrA conferring resistance to fluoroquinolones
PROT_002243,38d2d3057ef1,MexT
PROT_002244,b1bdfb1e006c,MexS
PROT_002245,d47e7f735295,MexZ
PROT_002246,5239710be3b8,MexW
PROT_002247,085064a7ab1d,basS
PROT_002248,4c47b524f6db,PDC-8
PROT_002249,b531101d8dbf,OpmD
PROT_002250,c806121d36e6,OprN
PROT_002251,1982b787e1e5,MexS
PROT_002252,50a50679850f,MexS
PROT_002253,502f3615f866,PDC-51
PROT_002254,43447df3cb6c,MexI
PROT_002255,cdafa05d5ee7,MexZ
PROT_002256,df1e3f3fd012,MexT
PROT_002257,f207c5570d57,MexS
PROT_002258,a1e7b8e96abb,AAC(6')-31
PROT_002259,45ea0d992812,Pseudomonas aeruginosa gyrA conferring resistance to fluoroquinolones
PROT_002260,e0584b8ce70f,arnA
PROT_002261,53c0379abcc6,MexB
PROT_002262,e06f26c60be9,OprM
PROT_002263,dea2e0d7ae72,MexD
PROT_002264,2021884915be,OpmD
PROT_002265,b3c6435d5c57,MexF
PROT_002266,23b09a3d88eb,MexE
PROT_002267,53c5ee705e12,MexR
PROT_002268,39ee27085b04,APH(3')-IIb
PROT_002269,6f6ca3fbabd7,OprN
PROT_002270,4d313e4764df,MexA
PROT_002271,9ec3f4faf662,FosA
PROT_002272,82c6ed5a37fc,mexY
PROT_002273,c451449fdffa,MexF
PROT_002274,6f112c380ffb,OpmH
PROT_002275,46ba4ce6a626,PDC-69
PROT_002276,e0c528c2be9f,OprN
PROT_002277,631c923cb155,nalC
PROT_002278,99b411c66188,arnA
PROT_002279,463b08e3481d,ArnT
PROT_002280,3eed33eb6412,MexK
PROT_002281,f94b5d6bb104,OpmH
PROT_002282,8aca7f234b81,mexY
PROT_002283,488b6b4ba8e4,MexW
PROT_002284,40d00e596c7c,MexK
PROT_002285,5d8cba4033bb,OpmH
PROT_002286,dcfd84ae5698,MexC
PROT_002287,b8f846600ad7,mexY
PROT_002288,80d4481cc38d,ArnT
PROT_002289,4ae0e32bd38a,nalC
PROT_002290,d04d7cae6ca6,MexZ
PROT_002291,efeacee570d3,OprM
PROT_002292,8cb7b0f6c14c,mexY
PROT_002293,15b9316bb8d9,MexZ
PROT_002294,e048afec502e,PDC-16
PROT_002295,c68addb9993d,nalD
PROT_002296,cfec5b154da0,MexT
PROT_002297,6bf419388217,MexR
PROT_002298,46925f8d77d4,MexZ
PROT_002299,a7ea9368969f,Type B NfxB
PROT_002300,f61fa96b8941,nalD
PROT_002301,06b3dc9de671,FosA
PROT_002302,acd77be6fe2d,MexH
PROT_002303,bde57e500f0e,mexY
PROT_002304,dc7eadf6fd00,arnA
PROT_002305,e6bc84bd75c6,ArnT
PROT_002306,803d9dbb09c3,MexK
PROT_002307,41324af2b749,MexV
PROT_002308,b9344983ddd2,OprJ
PROT_002309,2cd0f4f46614,MexT
PROT_002310,67377953660a,OpmD
PROT_002311,cdbab6ec0954,MexW
PROT_002312,b3d3a748b1cd,MexK
PROT_002313,63425c2932de,nalD
PROT_002314,a6534583bc9c,MexZ
PROT_002315,f91150e2a32f,MexR
PROT_002316,7be0940c3b6e,MexZ
PROT_002317,da25c62f1018,MexD
PROT_002318,4baaa147e7d0,PDC-37
PROT_002319,c626b7f0a6a5,OprN
PROT_002320,765fcd041051,MexZ
PROT_002321,b7144b8e2c30,OpmD
PROT_002322,6da23246e892,MexC
PROT_002323,6cfdd7ae5b96,MexE
PROT_002324,1129d5097ee5,Type B NfxB
PROT_002325,2cee6e4209d9,nalC
PROT_002326,32739f2d9996,PDC-178
PROT_002327,ce39532d3e67,MexH
PROT_002328,7c12df864955,mexY
PROT_002329,8882e81828d4,vanT gene in vanG cluster
PROT_002330,c8712ba8a7b9,MexB
PROT_002331,400c20042bb0,OprM
PROT_002332,d75875574691,MexD
PROT_002333,19e98682d4e4,MexW
PROT_002334,a678418fc500,MexR
PROT_002335,cc202d7e7b4c,MexW
PROT_002336,8e02d5df3e88,MexV
PROT_002337,6bc799654291,OprN
PROT_002338,21b40c18dfe7,MexK
PROT_002339,63691d8dadb0,OpmH
PROT_002340,3677e2b9cd28,nalC
PROT_002341,4c1d8bbab155,MexK
PROT_002342,983a8070f66d,Pseudomonas aeruginosa gyrA conferring resistance to fluoroquinolones
PROT_002343,17cda951b228,PDC-481
PROT_002344,b461df4dd19f,MexB
PROT_002345,e5189eb1a677,MexT
PROT_002346,a91e120fbbc7,MexF
PROT_002347,f7c592dbb9b8,MexR
PROT_002348,871c1839a93a,PDC-106
PROT_002349,4db63552e87c,MexS
PROT_002350,22c263d1d23f,basS
PROT_002351,6ce92183c2bf,MexF
PROT_002352,973ed9aa3725,MexW
PROT_002353,131b063a4e0e,MexI
PROT_002354,5601fa01fead,MexZ
PROT_002355,ad04f85b8e75,MexS
PROT_002356,550d50005897,MexZ
PROT_002357,40e5d906a618,MexF
PROT_002358,a5391dcc064a,MexD
PROT_002359,45b66be95a9f,Type B NfxB
PROT_002360,8c5c476833b1,MexJ
PROT_002361,b71098388fee,MexD
PROT_002362,eaeb97d3c5b4,MexH
PROT_002363,f9cff073edb7,PDC-19a
PROT_002364,54bddbe55a70,mexY
PROT_002365,e82113ac24be,basS
PROT_002366,b627c24728c8,OprJ
PROT_002367,f98b9b784624,MexT
PROT_002368,2aeaf1e962a8,MexJ
PROT_002369,b31f06d5d77a,nalD
PROT_002370,7c2ddf8073a5,cprR
PROT_002371,248e02fdd784,OprJ
PROT_002372,c258be2ce6d4,ArnT
PROT_002373,a53f3254bb29,arnA
PROT_002374,959748e27f93,OprN
PROT_002375,64c2ce5b5927,OpmD
PROT_002376,77b4497e6ac1,OprJ
PROT_002377,52bfc370bb04,mexY
PROT_002378,40352a58e824,MexJ
PROT_002379,4c10ca54a652,Type B NfxB
PROT_002380,061308245ce6,AAC(6')-IIa
PROT_002381,1e00c6ec9b7c,basS
PROT_002382,b8d0c1199bf5,MexR
PROT_002383,07fc5116eb97,MexR
PROT_002384,fd092dda89db,MexZ
PROT_002385,9dcecaaaa568,mexY
PROT_002386,ca606f78e99a,MexZ
PROT_002387,961284c15c29,MexZ
PROT_002388,8de64f67d158,mexY
PROT_002389,4619c117bb40,MexZ
PROT_002390,3b125d8ea7b3,PDC-15
PROT_002391,a7ff24742333,OprJ
PROT_002392,9aea2cba2740,MexB
PROT_002393,fb2bfa058621,MexZ
PROT_002394,4b08755d4470,nalD
PROT_002395,878b1e6aa1e1,MexB
PROT_002396,503ad626d142,OprM
PROT_002397,6a09cbc3958b,MexZ
PROT_002398,bbf61b6cab99,OpmB
PROT_002399,837d179e2a4d,arnA
PROT_002400,70c1e4501c06,MexK
PROT_002401,5c10a913da50,MexB
PROT_002402,ea2c70062ca6,APH(3')-IIb
PROT_002403,cc5c6dd3283e,Type B NfxB
PROT_002404,dc85f2ca82b6,OXA-35
PROT_002405,145bbc622427,AAC(6')-Ib10
PROT_002406,63d49648148b,MexS
PROT_002407,54e57354050c,aphA15
PROT_002408,e3e6e8e50c41,Type B NfxB
PROT_002409,5afe90d9cfa8,MexR
PROT_002410,b5ef3b5c865c,MexZ
PROT_002411,73f5baeb15d6,MexB
PROT_002412,435d13045e63,MexD
PROT_002413,0c5efe7902b5,mexY
PROT_002414,5a655c832d11,APH(3')-IIb
PROT_002415,ceeb4e8dd601,OpmD
PROT_002416,63804568660c,OpmB
PROT_002417,1e3fe9f10f4d,MexZ
PROT_002418,8f34eba9befc,Type B NfxB
PROT_002419,d4f393f7e612,OpmB
PROT_002420,63ec8e4226c8,arnA
PROT_002421,930b182e2680,OpmD
PROT_002422,9502a24144ce,MexI
PROT_002423,62ec2e8464ee,MexS
PROT_002424,a56f6d858a99,Type B NfxB
PROT_002425,24188029d24f,MexB
PROT_002426,468a3b713203,mexY
PROT_002427,a814503d4d4c,MexD
PROT_002428,640ddeaaa345,MexC
PROT_002429,c7ab1d3b259c,MexT
PROT_002430,08bf2fc31795,MexK
PROT_002431,bfd6e88994a4,ArnT
PROT_002432,629dcb7e0792,arnA
PROT_002433,3494e51875c9,OXA-1273
PROT_002434,3835d1ef6470,OpmH
PROT_002435,81cdf1ef821a,vanT gene in vanG cluster
PROT_002436,fc80a884044c,PDC-68
PROT_002437,8d219379a377,APH(3')-IIb
PROT_002438,a8468a4a4020,OpmD
PROT_002439,71de829b03a3,MexC
PROT_002440,90b3e8c92ec6,MexV
PROT_002441,1192255dc290,MexZ
PROT_002442,f8e2cfa35f9b,MexC
PROT_002443,92e8cc9ba859,ArnT
PROT_002444,d1b405b0fa45,MexB
PROT_002445,5d925a4d4c18,MexE
PROT_002446,defdda5f5994,OpmB
PROT_002447,93bec3ebe81d,mexY
PROT_002448,0371cb254049,MexT
PROT_002449,257cb13c04a5,basS
PROT_002450,2b2789d3f438,MexZ
PROT_002451,3884b5bc6825,MexS
PROT_002452,ce06c8a199a6,OpmD
PROT_002453,8b3e550aa70b,FosA
PROT_002454,95db841a581f,nalD
PROT_002455,6560c817ef3f,OprN
PROT_002456,ae5ae5681c53,MexK
PROT_002457,72aec1b539de,MexI
PROT_002458,2f83104d378f,ArnT
PROT_002459,06fa23c297b5,PDC-218
PROT_002460,6ba537add69b,OpmB
PROT_002461,d1b16eb6f303,OprJ
PROT_002462,c81c96027de5,MexZ
PROT_002463,5791e156e820,ArnT
PROT_002464,7123b31d3990,arnA
PROT_002465,c8259f14a2c8,MexD
PROT_002466,b3046bc9017f,Pseudomonas aeruginosa gyrA conferring resistance to fluoroquinolones
PROT_002467,e53e854b2611,Type B NfxB
PROT_002468,3adb0ef660b4,MexA
PROT_002469,b772e7e65ae8,OprN
PROT_002470,8a782ca8cd7d,MexS
PROT_002471,39337aac1411,MexT
PROT_002472,bff53ce7caa9,MexW
PROT_002473,52fea00d9d03,MexS
PROT_002474,1c74009dcd08,mexY
PROT_002475,6a3f67117a08,OpmB
PROT_002476,849124e96ba5,OprJ
PROT_002477,5afd5b082793,OXA-1126
PROT_002478,4bcc853c20f3,OprN
PROT_002479,ddbceff7062f,OprJ
PROT_002480,c5d8c7069d4f,Pseudomonas aeruginosa gyrA conferring resistance to fluoroquinolones
PROT_002481,a72f5cc15bff,MexR
PROT_002482,8c67865e9214,MexK
PROT_002483,7bc520fe4ede,MexV
PROT_002484,9f707a789db6,Type B NfxB
PROT_002485,5360659309c2,basS
PROT_002486,1dc144343dc3,MexS
PROT_002487,494a218f3f1f,MexD
PROT_002488,eb85e118b355,basS
PROT_002489,a5b173567c95,MexB
PROT_002490,fa1ae0400c74,OprM
PROT_002491,ab1a4498748d,MexF
PROT_002492,234dfc1fd5bc,AAC(6')-Ib10
PROT_002493,7be995e11f80,MexD
PROT_002494,098875e9f9cd,MexG
PROT_002495,2a7f8982e297,OprN
PROT_002496,6a71584a36d8,mexY
PROT_002497,185e65f3db91,ArnT
PROT_002498,a9b9931d4a5a,Type B NfxB
PROT_002499,f700b2bc71af,AAC(6')-Ib9
PROT_002500,11d8e36e03a7,OpmH
PROT_002501,669a502af045,OXA-1174
PROT_002502,51e0e2014949,MexD
PROT_002503,6b0b2bd5c279,OprJ
PROT_002504,7d7d64926810,MexF
PROT_002505,47b156e8ed33,OpmB
PROT_002506,4a27c3254085,ArnT
PROT_002507,a360f6c9ff2c,OXA-50
PROT_002508,a7a817c90c6b,OpmD
PROT_002509,7ce527dfadb7,ArnT
PROT_002510,364b4862bba8,arnA
PROT_002511,10ce4ed47d5c,MexD
PROT_002512,9d9196fa2208,vanT gene in vanG cluster
PROT_002513,88295a362a72,mexY
PROT_002514,fc6cb1e18fd4,PDC-101
PROT_002515,0eac678cf827,Type B NfxB
PROT_002516,bc7b506cd760,OprJ
PROT_002517,2e87eab70560,MexV
PROT_002518,653a13b1ecac,MexW
PROT_002519,ebf0c1c589ea,MexD
PROT_002520,ab8c97e31390,MexC
PROT_002521,68385ae4fd49,MexK
PROT_002522,37d1826c9fcb,MexJ
PROT_002523,dd710ccf01c7,MexE
PROT_002524,7f39ed6e49e0,OprN
PROT_002525,0b20478397f1,OpmB
PROT_002526,4a62b04ab6d2,mexY
PROT_002527,aa0ac120f7a5,MexI
PROT_002528,ada1d958e2f8,MexH
PROT_002529,de010b30a10c,AAC(6')-Ib3
PROT_002530,e37c52c93c0d,OXA-161
PROT_002531,2e3ecc9bf7ef,OXA-1284
PROT_002532,6a90e2f8da88,Type B NfxB
PROT_002533,40f3283ff5e8,AAC(6')-Ib9
PROT_002534,e8138d16d80c,OXA-2
PROT_002535,0e28f0a0978a,MexS
PROT_002536,eb94aed71878,MexR
PROT_002537,fa5a7dd4b807,OXA-392
PROT_002538,cb6a78e09eba,MexD
PROT_002539,7349e6cdd8b9,MexB
PROT_002540,941211c545ab,ANT(2'')-Ia
PROT_002541,0cbfd6ec1a38,MexD
PROT_002542,b0bc876fd2e6,OprJ
PROT_002543,e582014c2fcb,MexI
PROT_002544,c538a9cc4e4a,OprN
PROT_002545,186306f597f5,MexE
PROT_002546,37fe88f38160,PDC-124
PROT_002547,f6c47aba1068,MexD
PROT_002548,567c148d36d6,arnA
PROT_002549,abf35694b97d,Type B NfxB
PROT_002550,3c68fc0d7e43,FosA
PROT_002551,a2011128895c,MexH
PROT_002552,818898c980e0,MexF
PROT_002553,12a3a8e410ce,PDC-121
PROT_002554,43c8bea81071,mexY
PROT_002555,323a61496a80,MexW
PROT_002556,ea5899e29fe1,MexD
PROT_002557,b5e908d84de6,MexR
PROT_002558,cefb3cf644cd,nalC
PROT_002559,fd226a0d5337,MexF
PROT_002560,bf7b13612f7d,MexZ
PROT_002561,6980d3334222,MexT
PROT_002562,ed31bc2a0e2d,MexS
PROT_002563,bc72719d2d12,MexB
PROT_002564,46f774066600,PDC-346
PROT_002565,9ad91a66dbc1,nalD
PROT_002566,8c0f1efba699,MexT
PROT_002567,46f07cdc242d,MexS
PROT_002568,a720d2045a18,MexZ
PROT_002569,774c0e9ef99e,MexW
PROT_002570,62b493d72725,ArnT
PROT_002571,4268060c5e76,MexK
PROT_002572,5f8620aabb47,OpmD
PROT_002573,9eb8bb8e3b2a,MexS
PROT_002574,5b6f988dd61b,OpmB
PROT_002575,83a5b7f21272,MexK
PROT_002576,8adcfa01a050,mexY
PROT_002577,bacef2fbffb8,MexZ
PROT_002578,bdbba7cc3d12,OpmD
PROT_002579,0564e823dfe7,mexY
PROT_002580,b72c735f6883,MexB
PROT_002581,ae40a5ec97f9,Pseudomonas aeruginosa gyrA conferring resistance to fluoroquinolones
PROT_002582,4b9e28c898f6,nalD
PROT_002583,ac0f5ff38409,MexS
PROT_002584,9a3cdd00b055,basS
PROT_002585,a2b69f0290b2,PDC-80
PROT_002586,c99cfbb20c23,mexY
PROT_002587,047d0a9f5d9a,MexE
PROT_002588,c1bac33b3d54,ArnT
PROT_002589,635f280bf6b5,MexC
PROT_002590,5b6e3ca55b9d,MexI
PROT_002591,8412eb8d4558,MexT
PROT_002592,db1c349c05a5,MexZ
PROT_002593,5e5d8e776cfe,arnA
PROT_002594,2f54a24c1442,ArnT
PROT_002595,4c40d5413e45,PDC-98
PROT_002596,8637bc676ddc,APH(3')-IIb
PROT_002597,7cab104b7fb1,MexA
PROT_002598,f67569d0ef06,mexY
PROT_002599,2b646a3cf5aa,MexR
PROT_002600,7356416af9f6,AAC(6')-Ib
PROT_002601,c67d7a304377,MexS
PROT_002602,ff5b82188a50,nalD
PROT_002603,d442d96b24b4,OprN
PROT_002604,47b1aea2c0ff,mexY
PROT_002605,3ee03d6037fc,ArnT
PROT_002606,1d366a54d5b2,MexR
PROT_002607,d7f2b96a5b3b,MexI
PROT_002608,37e371e92ebb,MexB
PROT_002609,e487e3c5bbb6,OprJ
PROT_002610,76175c51ae4f,OprN
PROT_002611,97a7d820e5c9,MexE
PROT_002612,59b45116d325,arnA
PROT_002613,8c828f9243fd,ArnT
PROT_002614,d827b1bfc0b5,MexR
PROT_002615,a2aa381f4d47,MexR
PROT_002616,9c9ff4ccdeaf,mexY
PROT_002617,8104012b2945,OpmD
PROT_002618,2be72b887f30,nalC
PROT_002619,75b33fa1c52e,MexT
PROT_002620,6d6f4bbfee6a,MexS
PROT_002621,b59b90fb40ae,MexC
PROT_002622,7d911ad6091a,mexY
PROT_002623,2b212bf7b0f9,nalC
PROT_002624,6f69167d6ba8,MexT
PROT_002625,d24ce1e420ba,MexD
PROT_002626,cc6e20266c9e,MexW
PROT_002627,c358ca305d16,PDC-367
PROT_002628,0d3a6176f5aa,MexB
PROT_002629,b16c23764d8c,nalD
PROT_002630,cd62ecdecc8d,MexS
PROT_002631,4c61f588dabe,MexZ
PROT_002632,461a6a1dada6,MexR
PROT_002633,34ff4e740053,basS
PROT_002634,e0cef8b30d26,MexC
PROT_002635,6f7d524a7639,MexR
PROT_002636,c610f2458d20,OXA-129
PROT_002637,97c6e028d5ce,aphA15
PROT_002638,205b1c92b64d,ANT(2'')-Ia
PROT_002639,11acfa00e075,MexS
PROT_002640,132d2c13e44e,APH(3')-IIb
PROT_002641,7a6a27fa2e97,MexZ
PROT_002642,5bf0b77abeed,mexY
PROT_002643,69b3271bfa10,mexY
PROT_002644,c09634588df8,OXA-1254
PROT_002645,928c7162c3d4,MexH
PROT_002646,8820a953a343,OpmD
PROT_002647,d95387fd0f11,MexD
PROT_002648,6ab413b346f2,AAC(6')-31
PROT_002649,8e2eaf4af09e,nalD
PROT_002650,f9fcd1843469,MexD
PROT_002651,899767fa6462,nalC
PROT_002652,4c9014948d8a,MexZ
PROT_002653,536b81d45246,OpmB
PROT_002654,5f54f103fb46,MexH
PROT_002655,00f8f614ceee,MexZ
PROT_002656,67730ec4bd50,ArnT
PROT_002657,82231db9c6d0,arnA
PROT_002658,a85164844cf1,basS
PROT_002659,909403fc1b4d,OprJ
PROT_002660,e4c2b592debb,OpmD
PROT_002661,ecdb0bf4e6a4,FosA
PROT_002662,5757d5053faf,MexV
PROT_002663,f547183a168b,PDC-214
PROT_002664,88cd4b16cc6b,OXA-1135
PROT_002665,776225001d87,mexY
PROT_002666,6f8f1f349220,IMP-14
PROT_002667,2db9f857c717,MexW
PROT_002668,8d54f23cb3df,MexS
PROT_002669,c4114ac92d01,IMP-34
PROT_002670,f827e31db613,mexY
PROT_002671,6f2a955ad446,MexI
PROT_002672,f53fc74a319d,ArnT
PROT_002673,c9a14ae1b0dc,mexY
PROT_002674,0d03d1a869d3,Type B NfxB
PROT_002675,a511ce12dfae,VIM-80
PROT_002676,823d7d72eafe,ANT(4')-IIb
PROT_002677,e5ea28a19ab2,PDC-635
PROT_002678,47b012b164a8,ArnT
PROT_002679,e269f5a2c018,OXA-1250
PROT_002680,dcd3d7bc0c4f,MexS
PROT_002681,f5ee48b20ae6,MexW
PROT_002682,113afac50f9e,MexZ
PROT_002683,14b3fc754fb3,nalD
PROT_002684,49a0addd439f,MexB
PROT_002685,822636eeb38a,MexS
PROT_002686,bd973089b7b7,arnA
PROT_002687,aee15c3b28ff,ArnT
PROT_002688,dbc606a1960d,OpmD
PROT_002689,7bf4510a577b,MexI
PROT_002690,4853f7a35463,OpmB
PROT_002691,49fb7b1d102a,OXA-1286
PROT_002692,f2cd319d0115,MexI
PROT_002693,80b12e714a45,MexS
PROT_002694,cd796794f5d5,AAC(6')-Ib10
PROT_002695,63641ce5490f,OXA-1
PROT_002696,1729efe2fd87,nalD
PROT_002697,976027e9a58f,AAC(6')-Ib10
PROT_002698,9f1f1d315c68,OXA-140
PROT_002699,325940a3a752,MexH
PROT_002700,e0d377bd321b,OprN
PROT_002701,2f94f491243c,MexT
PROT_002702,55a53abb723a,MexS
PROT_002703,a1b8b8fb830c,MexH
PROT_002704,b36c2abc7ee0,MexS
PROT_002705,d637e0609fc1,MexH
PROT_002706,36a3968c476b,MexH
PROT_002707,f97f11b073fb,MexB
PROT_002708,a95cd1fcafd9,arnA
PROT_002709,951aee74f2d4,MexE
PROT_002710,0752bfbc5435,MexV
PROT_002711,72730569a787,MexC
PROT_002712,3026c16417a7,basS
PROT_002713,7ff8cb64f4bc,OpmH
PROT_002714,039bd0d8c42d,MexZ
PROT_002715,2008d93f2849,nalD
PROT_002716,e56a8cb132f3,basS
PROT_002717,b4826352c19a,OprN
PROT_002718,5945aa855e0b,MexC
PROT_002719,836dc18800fc,MexD
PROT_002720,2104eb5bad8b,mexY
PROT_002721,847de9339efd,ArnT
PROT_002722,bd84c2be3028,OXA-1029
PROT_002723,8abb26ec5801,MexV
PROT_002724,e8cfb773db29,MexK
PROT_002725,fb4b34ac9c44,APH(3')-IIb
PROT_002726,8cd8f3d5659a,MexD
PROT_002727,b8f8cd612cc0,MexE
PROT_002728,9553a123846d,MexF
PROT_002729,ed022a7a8dfa,OpmB
PROT_002730,d1918efaf179,basS
PROT_002731,ad03c72905eb,OXA-9
PROT_002732,fd9cd0f4c323,OXA-1198
PROT_002733,9d675a550b3f,OpmD
PROT_002734,210bf2770274,MexI
PROT_002735,fb5f477da243,OXA-937
PROT_002736,b88624dfea45,MexZ
PROT_002737,1d1a2e1d8db7,MexS
PROT_002738,f5fc48788895,MexH
PROT_002739,7a557d98e628,MexJ
PROT_002740,842f8371358e,mexY
PROT_002741,0de8e2513310,AAC(6')-Iq
PROT_002742,e060d47cd914,OprM
PROT_002743,7c1333d61550,Escherichia coli EF-Tu mutants conferring resistance to Pulvomycin
PROT_002744,6afc0b59eb6c,nalD
PROT_002745,1ded5ebf61d2,APH(3'')-Ib
PROT_002746,93ed7cb5337d,Trimethoprim-resistant dihydrofolate reductase DfrA42
PROT_002747,8dea4527df36,OXA-101
PROT_002748,9f08b47b199a,nalC
PROT_002749,a26cc99cf4b0,OpmD
PROT_002750,a619aa378aa9,OprM
PROT_002751,617a1d8ff9d1,OpmD
PROT_002752,f51f56eca0ab,ArnT
PROT_002753,200b23ba6462,arnA
PROT_002754,1efb07830a56,OprN
PROT_002755,70e9c7e5f8c3,MexV
PROT_002756,4e3f6886b300,MexW
PROT_002757,07ebfbe5332d,vanT gene in vanG cluster
PROT_002758,d1006fdce3e8,OXA-846
PROT_002759,6681b9fa4929,MexZ
PROT_002760,3923442a238b,arnA
PROT_002761,d8c4d663c823,AAC(6')-Ib8
PROT_002762,83b9e10bd822,MexD
PROT_002763,b2e9f9f61244,OprJ
PROT_002764,9ca2ae9cbc9c,MexW
PROT_002765,e4da10dd8a8e,cprR
PROT_002766,7e12a942b474,OpmD
PROT_002767,acb84902e791,ArnT
PROT_002768,dce9c12722b7,arnA
PROT_002769,17adca1d1663,MexA
PROT_002770,36506dccb5f8,Type B NfxB
PROT_002771,89afef258fc9,IMP-1
PROT_002772,689c8ba49c34,nalD
PROT_002773,a612b588b277,MexI
PROT_002774,1ecd40b5dfc2,MexH
PROT_002775,4219bccb0312,APH(3')-IIb
PROT_002776,a90c22ac65c6,ArnT
PROT_002777,8280e05de2de,arnA
PROT_002778,8e252f870f24,OprN
PROT_002779,e1ee40f0d070,OXA-1188
PROT_002780,3454810b488f,OprJ
PROT_002781,9e827aba20f7,MexD
PROT_002782,b1a5568cd94d,PDC-191
PROT_002783,317033e11a4d,PDC-151
PROT_002784,2024307432c3,cprR
PROT_002785,daff70bd9e37,OpmB
PROT_002786,fd416ea9ee05,OprN
PROT_002787,08157d9419f2,mexY
PROT_002788,74e2993d8891,MexV
PROT_002789,17ceac895216,MexW
PROT_002790,e6b61e74392c,OpmH
PROT_002791,3e2c36d7197c,ANT(2'')-Ia
PROT_002792,c6647ccfa078,OXA-129
PROT_002793,e5d0907279dd,MexT
PROT_002794,ba56b553f982,MexZ
PROT_002795,cac85abb1c6d,APH(3'')-Ib
PROT_002796,9c2ee54372d4,nalD
PROT_002797,5aaefd282390,OpmB
PROT_002798,1b47f36aea0b,vanT gene in vanG cluster
PROT_002799,acd015a5cc10,basS
PROT_002800,3e3d211dfca4,MexK
PROT_002801,834c4ab35dcc,mexY
PROT_002802,21fca06f67ea,ArnT
PROT_002803,472e56005553,arnA
PROT_002804,d2c6ff6c2405,MexD
PROT_002805,fd56ad3a5067,MexT
PROT_002806,ad96855e97c9,AAC(6')-Ib9
PROT_002807,2cb1ba9004c4,OprN
PROT_002808,99e10dca0f5d,ArnT
PROT_002809,5bd61828e40b,OprN
PROT_002810,7183db972ec9,vanT gene in vanG cluster
PROT_002811,e02e3496e398,AAC(3)-IIc
PROT_002812,5fdd75a38567,AAC(3)-Ia
PROT_002813,87c7094e8bb6,OXA-5
PROT_002814,f9937a370ef5,MexZ
PROT_002815,9014697d1f82,MexV
PROT_002816,81a9a07945e9,MexZ
PROT_002817,4aef0a481bf0,MexS
PROT_002818,6af0e1e35234,arnA
PROT_002819,e489704883c5,VIM-6
PROT_002820,3a7625aa9666,arnA
PROT_002821,2e48f3e4f620,MexS
PROT_002822,6595878ab46f,MexT
PROT_002823,8eeaff967621,arnA
PROT_002824,62a3b521e31c,ArnT
PROT_002825,be77e752ae76,APH(3')-IIb
PROT_002826,fd2559ebd504,MexD
PROT_002827,891e15387d3a,OXA-1029
PROT_002828,1bb92fd58115,arnA
PROT_002829,849d9e47d582,MexJ
PROT_002830,f49b3f502a24,OprJ
PROT_002831,7568d42ceaba,MexD
PROT_002832,1a09b8ee8596,MexI
PROT_002833,094fcfe5a3e1,MexF
PROT_002834,fca07c73c8ec,MexZ
PROT_002835,25ee6363d621,OprN
PROT_002836,6995300f16d0,mexY
PROT_002837,01cf112bfdc6,MexC
PROT_002838,4912adb6de5d,MexD
PROT_002839,20f771cf9c83,MexE
PROT_002840,f29d60edab34,mexY
PROT_002841,8de866725635,ArnT
PROT_002842,9feefde5ae71,cprR
PROT_002843,6d3d0509286f,OXA-1132
PROT_002844,4c5e0f15155d,PDC-495
PROT_002845,0fbcf1c62e6c,MexA
PROT_002846,0744b42d31ad,MexZ
PROT_002847,073cde9f85e4,APH(3')-IIb
PROT_002848,3c8c223d6e1a,basS
PROT_002849,aeff6908b042,PDC-402
PROT_002850,8c35a9b19fd3,nalC
PROT_002851,7bb64ce09195,basS
PROT_002852,8794767c76f7,arnA
PROT_002853,36b5ecba0fe3,ArnT
PROT_002854,a2d608044b3b,OprJ
PROT_002855,4dcca02a01c9,MexD
PROT_002856,b6663fe815e2,Pseudomonas aeruginosa gyrA conferring resistance to fluoroquinolones
PROT_002857,724e74a77ff3,MexH
PROT_002858,191d45614e25,MexT
PROT_002859,2975b4b08be6,MexF
PROT_002860,345b485e5b98,OXA-256
PROT_002861,ced013b02cef,nalD
PROT_002862,74e3e62aece2,MexF
PROT_002863,28ad6f625654,MexZ
PROT_002864,062a54ec4e4a,MexT
PROT_002865,3b764bbf9809,MexR
PROT_002866,efcba4edefe3,MexS
PROT_002867,0f9b41fc7477,IMP-15
PROT_002868,a5985d68e4b5,AAC(6')-IIc
PROT_002869,29e0dd4b2d48,MexR
PROT_002870,02851b7ebbaf,MexR
PROT_002871,0fce75d63b7d,MexI
PROT_002872,79ff70feaf67,MexH
PROT_002873,1e19e2503e08,PDC-576
PROT_002874,1dc899ecff2c,AAC(6')-IIc
PROT_002875,8caff4e07876,MexV
PROT_002876,2a963ccdf868,MexT
PROT_002877,874ba393d0ce,MexK
PROT_002878,cb67e23d8766,MexZ
PROT_002879,7e7dc3f11f17,arnA
PROT_002880,3d8dd926a54d,MexS
PROT_002881,4d8e62e76d97,MexH
PROT_002882,3f8a12bf73a4,PDC-546
PROT_002883,4224e538a7f6,MexH
PROT_002884,c48424b0a14c,FosA
PROT_002885,86cd37e5b876,ArnT
PROT_002886,2be7e45418ac,MexF
PROT_002887,cb0665b036e5,nalC
PROT_002888,30c00ad593c1,APH(6)-Id
PROT_002889,fa71de25e7a5,APH(3'')-Ib
PROT_002890,feb25b25ff5e,OpmD
PROT_002891,e551ea2469e3,mexY
PROT_002892,7941ca9f46b5,OprJ
PROT_002893,dc7f25f5add3,MexD
PROT_002894,659825200ca2,MexW
PROT_002895,7758dcda95b6,MexR
PROT_002896,e2232f33fa35,nalC
PROT_002897,8e1212a25914,APH(3')-IIb
PROT_002898,143c53db8a74,MexS
PROT_002899,d773cd109adf,basS
PROT_002900,4ac4e823a966,arnA
PROT_002901,d9cd12b8deaa,MexI
PROT_002902,6d8121d732d6,OprN
PROT_002903,2f441aba7821,basS
PROT_002904,f9273876725c,nalC
PROT_002905,c145a8b7dd2b,OXA-908
PROT_002906,9fec0bc46576,nalC
PROT_002907,cbfa77973876,OprN
PROT_002908,2917160c30d8,ArnT
PROT_002909,1d799128a440,nalC
PROT_002910,d19610162ddc,OpmH
PROT_002911,2cd8ef3304d4,OpmD
PROT_002912,e819994e8f92,OXA-21
PROT_002913,ee444dc3365b,MexB
PROT_002914,bc5005c4a4c2,OpmD
PROT_002915,41c1fe9bbe3a,MexH
PROT_002916,95fbae79f301,MexG
PROT_002917,617e1deeae71,MexK
PROT_002918,a03a4de423dd,ArnT
PROT_002919,51f9472fe5d4,arnA
PROT_002920,a7be5ceb5594,MexE
PROT_002921,3fbfcd42b383,OprN
PROT_002922,c906e115757b,MexV
PROT_002923,660e7c6ea256,OprJ
PROT_002924,01df6f4ffb44,MexD
PROT_002925,ac43cf455f2d,mexY
PROT_002926,cbb1834eb6e4,OXA-838
PROT_002927,199026de1913,nalD
PROT_002928,6be80dbdfa62,MexG
PROT_002929,638b78e0f80c,PDC-3
PROT_002930,27c1a41f3851,ArnT
PROT_002931,b8ceff81a21b,PDC-335
PROT_002932,aa38ce45a6b3,OprJ
PROT_002933,e55effb87458,MexF
PROT_002934,e7be37e7d0a4,MexZ
PROT_002935,15f3c3d2a5bc,mexY
PROT_002936,f2d625741e68,basS
PROT_002937,4d4575c8eea9,PDC-334
PROT_002938,1c92d1be4bda,MexF
PROT_002939,62aad4599a9a,MexJ
PROT_002940,1d72181b53d4,OprJ
PROT_002941,99dae1d20ba4,MexZ
PROT_002942,fcf6480a784c,MexS
PROT_002943,b7f9719f9d6e,MexR
PROT_002944,acce7366fb14,PDC-392
PROT_002945,dac8c329a2a1,MexB
PROT_002946,42dcd5920f05,OprJ
PROT_002947,cbf385d60a29,MexH
PROT_002948,e4acdc7bd7c8,MexA
PROT_002949,c1544427fdba,MexB
PROT_002950,593d45be864f,mexY
PROT_002951,e328aba54fcf,FosA
PROT_002952,ccad4d7acfc0,PDC-346
PROT_002953,0ab4bb3c1018,MexS
PROT_002954,f0995f213ab4,MexT
PROT_002955,0f1fedaeb6ce,MexA
PROT_002956,eda37fae3f20,PDC-597
PROT_002957,8ef5f78f9838,MexA
PROT_002958,4a1c50a8a2d0,AAC(6')-Ib9
PROT_002959,2719d2f85af8,PDC-322
PROT_002960,6dc7df204d6e,PDC-40
PROT_002961,59576691ddb7,MexZ
PROT_002962,462adf0da1c3,PDC-409
PROT_002963,6953f1c140ec,MexZ
PROT_002964,2022ff5c6fb2,APH(3')-IIb
PROT_002965,10608d4622b1,PDC-244
PROT_002966,23a46283fec2,AAC(6')-Ib10
PROT_002967,3c1e9aaf2ade,MexH
PROT_002968,a01038acb220,OprN
PROT_002969,95c906d0d1f8,PDC-209
PROT_002970,4730cc38793c,ArnT
PROT_002971,85466b30df7e,MexD
PROT_002972,5e143a4ea83a,OprM
PROT_002973,3de0adfa0e00,AAC(6')-Ib8
PROT_002974,b13c6caef793,MexC
PROT_002975,09c133acb147,MexK
PROT_002976,c1f604553cc8,OXA-1293
PROT_002977,498edd09788a,OprN
PROT_002978,c83335fb7df3,mexY
PROT_002979,915e7ce3c6e4,MexF
PROT_002980,99af2ed2eadd,OpmB
PROT_002981,3397700e0125,MexW
PROT_002982,366c942f1b5b,MexJ
PROT_002983,7bfd7e54dc8f,MexB
PROT_002984,a2c6944e3502,mexY
PROT_002985,5fbbaae04c24,MexS
PROT_002986,670a1cb4ea10,MexT
PROT_002987,feb0df38cd64,VIM-2
PROT_002988,c3d0ed980e9f,ANT(2'')-Ia
PROT_002989,d49261805c67,OpmD
PROT_002990,c051075f4b98,MexE
PROT_002991,be7f45729535,MexF
PROT_002992,d22ef1264bef,arnA
PROT_002993,6261ee3349f4,ArnT
PROT_002994,6fa2b57510d7,MexW
PROT_002995,df05dda606c0,MexV
PROT_002996,fbf202563903,MexW
PROT_002997,3142b7d5ce4a,OprJ
PROT_002998,2d51665157b0,MexC
PROT_002999,f20211789905,ArnT
PROT_003000,6e5541f1995b,Type B NfxB
PROT_003001,c30363a9d923,ArnT
PROT_003002,62da64850a8d,OpmH
PROT_003003,11c5456f2969,mexY
PROT_003004,d5d789fbca14,OprJ
PROT_003005,a2f64f7d857a,MexW
PROT_003006,b3745245f502,ArnT
PROT_003007,a642ee69e384,MexJ
PROT_003008,03d5dcb31dc1,OprM
PROT_003009,90b4f5095ba0,MexZ
PROT_003010,051c2e019eca,basS
PROT_003011,0559bac26b7f,FosA
PROT_003012,6ab8153318e4,vanT gene in vanG cluster
PROT_003013,9b7dec8113b0,MexJ
PROT_003014,2bdd951907c4,basS
PROT_003015,65fb794ed293,basS
PROT_003016,89bfbf2aba89,MexS
PROT_003017,462cd6201deb,APH(3')-IIb
PROT_003018,9addad6c0346,MexF
PROT_003019,66b8305cc84d,cprR
PROT_003020,3b197a13a09a,basS
PROT_003021,b9d3d29b1086,MexB
PROT_003022,a77dde869b38,arnA
PROT_003023,9bfca4b5de12,MexD
PROT_003024,2512196ed388,MexC
PROT_003025,86813ee43b68,mexY
PROT_003026,c55a2d7e1490,OpmD
PROT_003027,824b1e84a1b6,MexI
PROT_003028,9a3399175058,MexH
PROT_003029,a8f1da9c869b,APH(3')-IIb
PROT_003030,2b5491a5b01f,PDC-443
PROT_003031,8cf13a4a407c,MexJ
PROT_003032,7b47df5be01e,arnA
PROT_003033,ec959581fea5,MexW
PROT_003034,50e274cc7968,Type B NfxB
PROT_003035,70c91a85c51f,MexS
PROT_003036,c31163c1fd87,nalC
PROT_003037,51705c49f558,MexD
PROT_003038,35e1229d652e,AAC(6')-Ib9
PROT_003039,ff0b6f88deb1,MexF
PROT_003040,fe68b64d51ea,OprJ
PROT_003041,7e7500e853ba,mexY
PROT_003042,d394e2f4743e,OprJ
PROT_003043,19e1eccc3c08,MexD
PROT_003044,4a5743f8ce3f,MexC
PROT_003045,9d5d543a997a,ArnT
PROT_003046,1da3713dc578,arnA
PROT_003047,20288607df45,MexZ
PROT_003048,0273b2d4557b,nalD
PROT_003049,8962ea47d8d7,mexY
PROT_003050,356f957c4e58,MexB
PROT_003051,a729a601390d,MexK
PROT_003052,b328e5b7bb8b,MexT
PROT_003053,e5925483aefb,MexS
PROT_003054,f23a595fc9ca,MexW
PROT_003055,aa28afd679b2,MexC
PROT_003056,0b5ead7b286b,nalD
PROT_003057,f93de4690cea,AAC(6')-Ib8
PROT_003058,e47daa94d44a,MexR
PROT_003059,fc872ca96921,MexC
PROT_003060,b6aa3ba1d9a1,OpmD
PROT_003061,04e27e530cb6,FosA
PROT_003062,7da6b0be1a56,MexC
PROT_003063,cb1717ac8360,cprR
PROT_003064,4d99ea72c09a,basS
PROT_003065,d5c3c20e8bb8,nalD
PROT_003066,c2e45e4492ed,PDC-115
PROT_003067,4d7b05addd68,APH(3')-IIb
PROT_003068,1548d2e3d0ca,MexJ
PROT_003069,becaeceb5d43,ArnT
PROT_003070,06e7b91ab8ad,AAC(6')-Ib10
PROT_003071,6f34360fed61,MexH
PROT_003072,27cf46ff537d,MexZ
PROT_003073,0252851a6afc,MexS
PROT_003074,036aa200ba7f,OprN
PROT_003075,004a2b6d8123,MexR
PROT_003076,8ed24803595b,PDC-554
PROT_003077,9a53ecdaf5dd,OpmD
PROT_003078,cf9da6b5d996,MexH
PROT_003079,091a5c511ed6,MexT
PROT_003080,d000b4e93125,MexD
PROT_003081,544bf4f13d5b,MexA
PROT_003082,31b39ed72c2c,MexW
PROT_003083,f47f20095eb1,MexI
PROT_003084,eb18b5340ca1,PDC-169
PROT_003085,576ea54d67b9,MexK
PROT_003086,d8404704a3aa,MexF
PROT_003087,8b97c65559da,mexY
PROT_003088,583535b48628,MexT
PROT_003089,619d3fd57138,MexS
PROT_003090,89efc4f79527,MexZ
PROT_003091,27dc588ea50c,MexS
PROT_003092,a4e2fe236b0e,MexB
PROT_003093,ee6910534582,mexY
PROT_003094,922948817912,MexI
PROT_003095,3eace30a5b16,PDC-238
PROT_003096,5087ab3eda84,Pseudomonas aeruginosa gyrA conferring resistance to fluoroquinolones
PROT_003097,cddfc77c3d6d,MexT
PROT_003098,d362e39fe996,OprM
PROT_003099,2f62b934a934,mexY
PROT_003100,c334c94bcc61,MexF
PROT_003101,835466f36c2d,PDC-168
PROT_003102,058d2977ce2c,MexH
PROT_003103,288446ef115f,basS
PROT_003104,97a17a3458d2,MexA
PROT_003105,780c5e10f963,OprM
PROT_003106,e38b2d7cbe92,OpmD
PROT_003107,f3b7b2fec5d7,MexI
PROT_003108,1b6d4f239ba0,ArnT
PROT_003109,a2d4f10d7461,arnA
PROT_003110,0438a784b09a,mexY
PROT_003111,364127063188,Pseudomonas aeruginosa gyrA conferring resistance to fluoroquinolones
PROT_003112,aa104e4450e1,MexR
PROT_003113,4e5d432fed7a,Type B NfxB
PROT_003114,af0e07f287c6,MexA
PROT_003115,1b43122b2099,MexB
PROT_003116,d2b8e2d1b3e8,MexE
PROT_003117,450b13c46ffd,PDC-116
PROT_003118,dddedf109474,MexZ
PROT_003119,67409c0070b2,AAC(3)-Ia
PROT_003120,0494563546a7,MexB
PROT_003121,0c0177972a5f,AAC(6')-Ib10
PROT_003122,13c9701c799e,MexH
PROT_003123,c027bb3041e5,MexF
PROT_003124,fcf383a34f49,MexH
PROT_003125,b4470a6b7c1a,nalC
PROT_003126,6702c35014b3,MexG
PROT_003127,75b908c3d783,ArnT
PROT_003128,bf9abbfe4264,arnA
PROT_003129,d7488d690418,MexV
PROT_003130,c3b779bddaf7,MexB
PROT_003131,43525ef390a4,MexK
PROT_003132,d9d605740b6a,basS
PROT_003133,b030ccfe426f,FosA
PROT_003134,5291fa3a192c,MexD
PROT_003135,bc280acfa860,MexC
PROT_003136,838233d21285,PDC-197
PROT_003137,1f7e1f6e2238,MexR
PROT_003138,d844f537fad0,mexY
PROT_003139,474be3feb14b,OpmH
PROT_003140,c1f567ca0902,OpmD
PROT_003141,349fc136090a,MexH
PROT_003142,fe583bc2b46c,arnA
PROT_003143,275892a20540,Type B NfxB
PROT_003144,2ec41d33670b,mexY
PROT_003145,89ede111dca0,MexH
PROT_003146,fdaf534d56f6,OpmB
PROT_003147,218b866bdfa7,basS
PROT_003148,5acc0aa6b499,Type B NfxB
PROT_003149,9efc9ef13a8c,cprR
PROT_003150,c8605520f2fe,MexI
PROT_003151,e994e9e4213a,MexB
PROT_003152,9152d43c7002,MexF
PROT_003153,953df52abb07,MexZ
PROT_003154,f8c6b84f8530,OprJ
PROT_003155,dfb88c5cc0ba,MexH
PROT_003156,cec42eb259ea,MexH
PROT_003157,8e96c663bb49,MexH
PROT_003158,ea23bbc73871,mexY
PROT_003159,f4124a678036,PDC-295
PROT_003160,109150e8ec98,nalC
PROT_003161,4b5f31f44db3,nalD
PROT_003162,13b6972c9655,OpmD
PROT_003163,73c15942d20f,MexI
PROT_003164,0fd1eaabaacb,MexH
PROT_003165,8327278fbfef,arnA
PROT_003166,cc40fd95a94d,ArnT
PROT_003167,b5897e2721be,OXA-1021
PROT_003168,e57bb9b35d83,APH(3')-IIb
PROT_003169,7ec5c45e557f,PDC-167
PROT_003170,c7b7987ebf9d,MexE
PROT_003171,1d801dbebd27,MexF
PROT_003172,9babe782eadc,OprN
PROT_003173,64c5ab24f55e,OpmB
PROT_003174,76a05d5ef86c,mexY
PROT_003175,ee43e3625963,MexD
PROT_003176,5c399384dd19,OprJ
PROT_003177,dace980e339a,vanT gene in vanG cluster
PROT_003178,9fa60bedd8ce,MexZ
PROT_003179,3b5c24a7b858,MexR
PROT_003180,7610942053d4,Type B NfxB
PROT_003181,36b931f9a541,MexR
PROT_003182,40a390433756,MexK
PROT_003183,1a830f47ead6,OprJ
PROT_003184,88dde708670e,MexH
PROT_003185,fa6b35a7b013,MexH
PROT_003186,bd6c904b30b9,MexD
PROT_003187,d474e3c19c0d,OpmD
PROT_003188,740428d554c1,PDC-35
PROT_003189,180fe9ab692d,ANT(4')-Ia
PROT_003190,cca22c059ce5,mexY
PROT_003191,deb8b4b371d3,OprJ
PROT_003192,2eff7d8c6cdf,OprN
PROT_003193,92bc7901eef2,MexW
PROT_003194,6bd73694b705,MexV
PROT_003195,ebc0773402b0,ANT(2'')-Ia
PROT_003196,2d3d6f63e0f8,AAC(6')-Ib9
PROT_003197,d33048eb57c9,MexF
PROT_003198,a5fd855cf57c,MexT
PROT_003199,beaeae0e0074,MexD
PROT_003200,9702b3c98e5f,MexC
PROT_003201,3dadf8a73d3f,MexB
PROT_003202,e109b9b770c9,MexF
PROT_003203,d853d23a9153,OpmB
PROT_003204,bab6468f544f,OprM
PROT_003205,ccf2396713c6,ArnT
PROT_003206,eaf2bd48be65,FosA8
PROT_003207,47cda6ff676c,MexK
PROT_003208,8805425113d3,MexA
PROT_003209,dc8e9df223ec,MexB
PROT_003210,241104ea4903,mexY
PROT_003211,7751557e8de8,MexC
PROT_003212,2ba6013d1cd3,MexD
PROT_003213,64ad974cfe65,MexS
PROT_003214,7957abbacb8f,MexJ
PROT_003215,663edaf768b8,MexH
PROT_003216,e75b32c49262,OpmB
PROT_003217,44f0a81de266,MexI
PROT_003218,c6a170d48d55,OprJ
PROT_003219,8edf747bf7c5,MexH
PROT_003220,3e76b9d7ee1b,ArnT
PROT_003221,e7b5e18d85ba,arnA
PROT_003222,13a8d5626073,AAC(6')-Ib10
PROT_003223,6da48ac56f46,FosA
PROT_003224,622059b54754,OpmB
PROT_003225,c3ad75c8db1a,MexH
PROT_003226,0383acd5df92,arnA
PROT_003227,d4321af3291c,MexH
PROT_003228,3cf1a09f64b1,ArnT
PROT_003229,c8cba9e7113e,mexY
PROT_003230,31dd3cf65d22,MexS
PROT_003231,30f4d6e7fc60,MexZ
PROT_003232,e2a66621889c,MexH
PROT_003233,c24436993532,mexY
PROT_003234,629be258d726,MexW
PROT_003235,48038fccd89e,OXA-50
PROT_003236,9516874e9da0,basS
PROT_003237,99181b5c7b67,MexI
PROT_003238,c61ba64876be,ArnT
PROT_003239,f65e759e20cb,arnA
PROT_003240,db34b72744f5,OpmB
PROT_003241,a8d3cbdf7bd6,MexF
PROT_003242,518c0bafb1ae,mexY
PROT_003243,76462a1b54f7,MexW
PROT_003244,cbb3edf21657,Pseudomonas aeruginosa gyrA conferring resistance to fluoroquinolones
PROT_003245,3020972cc2d1,nalD
PROT_003246,cc0ddfda7f84,MexS
PROT_003247,ffa5d9ed9719,Type B NfxB
PROT_003248,6bb662c4d0de,MexB
PROT_003249,7ab05b7f32f6,MexW
PROT_003250,7d64263d0623,arnA
PROT_003251,7abce9580b9a,MexC
PROT_003252,a95a20574bc4,basS
PROT_003253,24397c450d03,PDC-308
PROT_003254,1c9e09bfe192,MexK
PROT_003255,4871cc2e10ab,arnA
PROT_003256,60c84ec1a0bf,MexF
PROT_003257,0c3298954f00,mexY
PROT_003258,93a2ad415c4b,AAC(6')-IIa
PROT_003259,f236c10638b9,AAC(3)-VIa
PROT_003260,fd39eb2d3fa8,MexT
PROT_003261,94cb44309501,MexT
PROT_003262,7a776720b234,vanT gene in vanG cluster
PROT_003263,51e5836ffed2,OpmD
PROT_003264,bd69d71b962c,MexG
PROT_003265,e3a577a00624,PDC-364
PROT_003266,7f427f6dba6a,MexK
PROT_003267,54d0602baa1e,ArnT
PROT_003268,8cc60dddeb47,arnA
PROT_003269,6be055e3a382,MexE
PROT_003270,6499215d24a9,MexZ
PROT_003271,48122bfd804b,OprN
PROT_003272,23b63d549569,ArnT
PROT_003273,9781d5e689d2,PDC-123
PROT_003274,0b736e740c4f,OpmD
PROT_003275,36852bd369a1,mexY
PROT_003276,877bcaf9345e,OpmH
PROT_003277,3737a41244ee,MexH
PROT_003278,60904d8343f6,ArnT
PROT_003279,55f3c53fe497,arnA
PROT_003280,d62247858682,MexD
PROT_003281,8499675f092a,MexC
PROT_003282,e85fa6e06ed1,mexY
PROT_003283,d2a560256f73,MexJ
PROT_003284,d75e08b7af6e,OprM
PROT_003285,75988df3df31,MexB
PROT_003286,1deb3134b005,ArnT
PROT_003287,a36ee4f247f3,MexZ
PROT_003288,0e5e756ab609,MexZ
PROT_003289,f22480eb81fc,MexE
PROT_003290,1f4a274d201c,basS
PROT_003291,b4c349af06a7,vanT gene in vanG cluster
PROT_003292,d7a3a266bf7d,MexJ
PROT_003293,de3efc282348,MexB
PROT_003294,f36ce859f501,MexA
PROT_003295,098bda300b4a,mexY
PROT_003296,67ba51c4cd2c,OprN
PROT_003297,64c7bb0afb17,OpmB
PROT_003298,bb0765a1f3ee,FosA
PROT_003299,b92acb237958,PDC-167
PROT_003300,12671ed05841,MexG
PROT_003301,9d401ac73183,MexH
PROT_003302,5f60e074df9f,MexI
PROT_003303,a6ec2917aa28,OpmD
PROT_003304,0e627a839c9c,OprJ
PROT_003305,45f915147a8c,MexD
PROT_003306,1480c102f4a1,Pseudomonas aeruginosa gyrA conferring resistance to fluoroquinolones
PROT_003307,4d3a94e3ec51,MexS
PROT_003308,a809a0e347c9,MexT
PROT_003309,a1223b6613c2,cprR
PROT_003310,69dbe273a597,IMP-45
PROT_003311,3fc3ea0f7b0f,AAC(6')-Ib9
PROT_003312,761ac3d70573,nalC
PROT_003313,a0ac8d82e3fd,AAC(6')-Ib9
PROT_003314,16d93df4db48,AAC(6')-Ib9
PROT_003315,5f99997bd95e,MexV
PROT_003316,426d064a6579,MexC
PROT_003317,2ca7e71f1f3b,cprR
PROT_003318,b332652d06c0,OpmD
PROT_003319,1dd081b8a8b4,mexY
PROT_003320,4b8ace126777,arnA
PROT_003321,73b6db255278,ArnT
PROT_003322,e73ca40019ea,MexZ
PROT_003323,cef771485c3b,MexZ
PROT_003324,9829f2e2c7ec,ArnT
PROT_003325,27028e7dccb0,mexY
PROT_003326,baf878e0e5b0,MexD
PROT_003327,578ecac79b5c,MexZ
PROT_003328,800431635f99,MexZ
PROT_003329,d97af27ef480,basS
PROT_003330,1878e8f2c291,MexT
PROT_003331,77f4f58f33c3,ArnT
PROT_003332,c78f41c8c843,MexZ
PROT_003333,74342187192a,mexY
PROT_003334,8645792a2b94,AAC(6')-Ib9
PROT_003335,76acdbc479d7,APH(6)-Id
PROT_003336,b92be087e253,APH(3'')-Ib
PROT_003337,1faa0b9d39b7,mexY
PROT_003338,5255ed1e1b26,MexZ
PROT_003339,dbb57ca7cceb,MexS
PROT_003340,d19bab0af5c5,KPC-33
PROT_003341,4614f79d09f0,OXA-1255
PROT_003342,b9c8aa56b1b5,MexW
PROT_003343,5785df376fe9,OpmB
PROT_003344,3834ea904fca,mexY
PROT_003345,7809a868f565,ArnT
PROT_003346,1c22bf506634,MexJ
PROT_003347,8adaf7da84cf,cprR
PROT_003348,1c6365b9fb4e,OpmH
PROT_003349,e9bd813935b5,MexD
PROT_003350,875fa87da35e,OpmD
PROT_003351,027bd539ed76,ArnT
PROT_003352,8cab0d5b3f6c,basS
PROT_003353,7fb5d047e7a1,MexJ
PROT_003354,67caf60fad1c,MexT
PROT_003355,e587903e98b5,mexY
PROT_003356,bf05da5ce6b0,MexZ
PROT_003357,8af30aeb994f,FosA
PROT_003358,9496330be647,MexB
PROT_003359,211d195ea82e,MexJ
PROT_003360,c883d868479d,arnA
PROT_003361,34047591a7d7,MexR
PROT_003362,5ca45f811882,OpmB
PROT_003363,6de1271318cb,ArnT
PROT_003364,1c7cb9cd020c,OprJ
PROT_003365,381498f35654,mexY
PROT_003366,c946b71a7fa4,PDC-374
PROT_003367,339fbf81f7e8,basS
PROT_003368,9d6ae743e07e,MexZ
PROT_003369,f9d7567ce771,MexW
PROT_003370,ac4cb17f6ac8,arnA
PROT_003371,e3b1b33e7d46,MexD
PROT_003372,cafbd3c6544e,basS
PROT_003373,4c5233d96d40,APH(3')-IIb
PROT_003374,003e5b8afdbc,mexY
PROT_003375,c45e664d94a9,nalC
PROT_003376,409953399c35,MexR
PROT_003377,3181d42fe1ec,MexW
PROT_003378,880cac229c8e,MexT
PROT_003379,a8022b72ca79,OpmB
PROT_003380,1202eae1a423,MexE
PROT_003381,4aa1df8e1aa8,PDC-113
PROT_003382,447bf67178b5,MexS
PROT_003383,3539996b744c,MexS
PROT_003384,f799ffc86bc8,MexT
PROT_003385,d03fd97e9890,MexW
PROT_003386,c968baec34b6,MexB
PROT_003387,ea93aca7595c,basS
PROT_003388,ecfeef4269fd,MexS
PROT_003389,4e27012bd946,MexZ
PROT_003390,ff90325e3cd2,MexZ
PROT_003391,b4abe6fe4217,PDC-635
PROT_003392,c6e8feac614e,ArnT
PROT_003393,0600b16d9eea,basS
PROT_003394,0c4eb963dccf,PDC-635
PROT_003395,704123b3da79,arnA
PROT_003396,8983afc25a7b,MexE
PROT_003397,0149c6f68101,ArnT
PROT_003398,dd056ae9f5fb,APH(3')-IIb
PROT_003399,e53b2c2911ff,MexI
PROT_003400,3d870479f361,mexY
PROT_003401,51014c1099ea,OpmH
PROT_003402,a59bed646484,arnA
PROT_003403,70582c041f0b,MexB
PROT_003404,43f066299e56,mexY
PROT_003405,dcf48d997314,OprJ
PROT_003406,05313275f597,OprM
PROT_003407,1308bce25862,MexB
PROT_003408,1a4f7a948a2c,MexF
PROT_003409,2bcd9b8183ee,MexI
PROT_003410,c0004bc933ea,Type B NfxB
PROT_003411,dd0a8da94fef,OXA-847
PROT_003412,079b557275ca,ArnT
PROT_003413,436d27346c6f,OprM
PROT_003414,a0543e7b06f9,OpmD
PROT_003415,b378bbc4ff97,MexH
PROT_003416,6be4a3f73411,MexR
PROT_003417,ecb2dfabac64,OprJ
PROT_003418,934400f55c9b,MexR
PROT_003419,cf02955656a4,OprJ
PROT_003420,480fc2e40efe,MexE
PROT_003421,1d623654bb97,MexR
PROT_003422,70a91593d733,ArnT
PROT_003423,d0b6f22efaed,MexJ
PROT_003424,b9234d62b90a,MexK
PROT_003425,75dd4245cc9d,APH(3')-IIb
PROT_003426,206f0af98fa4,MexS
PROT_003427,2177c1ab115a,cprR
PROT_003428,aca23c54b2cf,OpmH
PROT_003429,1e40c4c51c00,MexJ
PROT_003430,62247de0f4fa,mexY
PROT_003431,64f1ec9949f3,MexG
PROT_003432,2a1394451b21,MexV
PROT_003433,6eeed56d405c,mexY
PROT_003434,9d67bbad4d8e,nalD
PROT_003435,61532c2be053,OprJ
PROT_003436,6ddef5a708ec,MexF
PROT_003437,012bdb4d1bf0,cprR
PROT_003438,c4f97daf3791,MexE
PROT_003439,4a7b626acee3,mexY
PROT_003440,0506b357725d,PDC-19b
PROT_003441,ee8aecadabf1,OpmD
PROT_003442,38e981291b73,MexK
PROT_003443,4c7d61ea4da4,MexE
PROT_003444,dacd65580ecf,MexD
PROT_003445,209b36374192,arnA
PROT_003446,3c22ec9b2da4,MexW
PROT_003447,e05c40229341,MexV
PROT_003448,9676f2fb7a84,nalC
PROT_003449,6e41852677e7,OpmB
PROT_003450,a4adc48e20d2,MexK
PROT_003451,34f73ffd8a70,OpmH
PROT_003452,96a9621457f4,OprJ
PROT_003453,5a039873abd3,mexY
PROT_003454,4c05ccf1dc7f,OprN
PROT_003455,084483264694,nalD
PROT_003456,2bf898fe3b88,MexZ
PROT_003457,b05b96fdee43,nalD
PROT_003458,620a55ef7251,APH(3')-IIb
PROT_003459,1d407c8bcda3,IMP-11
PROT_003460,dc952d8c6184,MexD
PROT_003461,627fdfd3e8d6,MexT
PROT_003462,ed3583662711,MexJ
PROT_003463,0586d7999814,MexD
PROT_003464,9b606d2e39da,APH(6)-Ic
PROT_003465,d3b1d43e10e7,APH(3')-IIa
PROT_003466,eebc13fc8419,MexW
PROT_003467,b8a6f822bb7f,MexC
PROT_003468,a781c25ad63e,MexZ
PROT_003469,83c9f2cc4fe2,MexD
PROT_003470,bbe10cb965ac,nalD
PROT_003471,1dbac73f624e,OprM
PROT_003472,53e775040305,MexJ
PROT_003473,77466428d9cb,arnA
PROT_003474,4951bca42182,PDC-309
PROT_003475,659afd3ca3c1,mexY
PROT_003476,2875f7fdbda1,MexT
PROT_003477,a853b91a7d89,MexR
PROT_003478,3c8c19e90ae3,MexZ
PROT_003479,5caa046442b0,mexY
PROT_003480,ebf0fb0c20aa,ArnT
PROT_003481,98cc91182286,cprR
PROT_003482,edb2f45d768e,MexH
PROT_003483,6aed5b4d7903,MexF
PROT_003484,b7f239fe6722,MexB
PROT_003485,df27e46d96df,MexE
PROT_003486,02c36d04e19a,MexS
PROT_003487,fb5276cda9ca,MexV
PROT_003488,ef129395c05b,OprJ
PROT_003489,ad2c2ff4c05f,MexI
PROT_003490,e19cb13ee0ab,Type B NfxB
PROT_003491,908a6cc414c0,MexT
PROT_003492,6b839576aeb0,MexI
PROT_003493,c6fa7b3f0473,MexD
PROT_003494,9545a9701606,MexC
PROT_003495,457f90563b8b,arnA
PROT_003496,aba9fa18e827,ArnT
PROT_003497,1e05aaced2bd,OprN
PROT_003498,7f684682aab7,OpmD
PROT_003499,e95c6d68a0b0,MexB
PROT_003500,dccef706884a,PDC-199
PROT_003501,0b5944c0a8fa,FosA8
PROT_003502,b459f049949f,MexA
PROT_003503,9e997505032c,Type B NfxB
PROT_003504,b4395c86bb07,MexK
PROT_003505,e9b176b83c01,mexY
PROT_003506,58b499ece13e,cprR
PROT_003507,9b5173e200cc,MexE
PROT_003508,d7da30a8320e,MexS
PROT_003509,026e82700554,OprM
PROT_003510,3fc0d77f3774,MexH
PROT_003511,7856589727b6,MexJ
PROT_003512,391088c82553,MexH
PROT_003513,ea3f3482eb1e,arnA
PROT_003514,9f33f6dc742e,ArnT
PROT_003515,c49d847caccf,arnA
PROT_003516,477f800544cb,MexD
PROT_003517,826b75d7c591,OprJ
PROT_003518,52268c9c69a9,OpmB
PROT_003519,398828b946df,MexI
PROT_003520,e19b9de4697b,mexY
PROT_003521,c85a5ef1308c,cprR
PROT_003522,3ff21ee777d0,MexS
PROT_003523,0e28637ab73b,MexT
PROT_003524,655506918a35,MexR
PROT_003525,b79dd1d51741,MexZ
PROT_003526,1e1d218ea40f,OprN
PROT_003527,bd4d43c07e0a,MexH
PROT_003528,0790e80d34d6,MexW
PROT_003529,869f1ad243f9,nalD
PROT_003530,1099690dee66,MexZ
PROT_003531,d67332f58f79,arnA
PROT_003532,d8b19f74b285,FosA
PROT_003533,19fc4fd57825,MexV
PROT_003534,f9fd1bbd4043,MexT
PROT_003535,3d4e535eda42,MexS
PROT_003536,81ff8f8c9327,Type B NfxB
PROT_003537,49dc9dbd1766,AAC(6')-Ib9
PROT_003538,4994d19f4d93,MexZ
PROT_003539,ef636ae700fa,MexH
PROT_003540,3b9233fadd7a,MexA
PROT_003541,9f81a87828c4,mexY
PROT_003542,c4093d9a7063,OprM
PROT_003543,ad189b89988f,basS
PROT_003544,44d979aeb122,MexV
PROT_003545,5bc23f182d3e,MexT
PROT_003546,7b12b853d68e,MexS
PROT_003547,6b6355f5d93d,MexZ
PROT_003548,8ce467e02607,Type B NfxB
PROT_003549,190cddbcbf55,ArnT
PROT_003550,40be421bffb1,arnA
PROT_003551,45633f0de8a0,MexD
PROT_003552,2670ad496009,OXA-494
PROT_003553,0bb49c65881b,nalD
PROT_003554,2f56d1ddd8aa,MexV
PROT_003555,6a98c392ce8c,MexC
PROT_003556,5fa47ee3f7d9,FosA
PROT_003557,cb95f80f14b7,arnA
PROT_003558,bec7e98a67cb,PDC-634
PROT_003559,b479443f96e4,MexD
PROT_003560,3bd790b86ef9,MexC
PROT_003561,d9a669d03f8f,OXA-1287
PROT_003562,fd5f619176d7,MexH
PROT_003563,4aaa0b46c6c2,arnA
PROT_003564,8b9f7e6a8ba0,OprJ
PROT_003565,2a61448e029e,MexC
PROT_003566,02f258832f62,nalC
PROT_003567,bc12a7dcaf50,MexS
PROT_003568,ae3a049e057c,MexB
PROT_003569,d74b401d2a7d,MexS
PROT_003570,2fe9583cc289,MexR
PROT_003571,f6d3baf55746,ArnT
PROT_003572,467c711dadd7,arnA
PROT_003573,789bceee54eb,OpmD
PROT_003574,d9000c53d42e,MexR
PROT_003575,3fc1a842d704,IMP-87
PROT_003576,02f2caa771ae,OXA-1135
PROT_003577,ff93c832723c,mexY
PROT_003578,d77c490765a4,nalD
PROT_003579,83169f64699f,MexZ
PROT_003580,a1cd06adf0ce,MexS
PROT_003581,5f185b269a22,MexI
PROT_003582,018e6d45c3a1,basS
PROT_003583,8b9b82ba0e22,OprN
PROT_003584,6abfcf4e7c01,nalC
PROT_003585,6aff7be9d835,APH(3')-IIb
PROT_003586,8b85f71fcc27,cprR
PROT_003587,527676e56bbb,OprJ
PROT_003588,ffbfffd46591,Type B NfxB
PROT_003589,b58d136e4caa,OpmB
PROT_003590,a3aca1b2e9d0,arnA
PROT_003591,dd9d34634037,arnA
PROT_003592,1902d85fa4aa,AAC(6')-Ib7
PROT_003593,03d145085799,MexF
PROT_003594,6126964196b1,AAC(6')-29b
PROT_003595,ba6c4d906005,AAC(6')-29a
PROT_003596,3560efb18209,AAC(6')-29a
PROT_003597,64a87b14bc06,Pseudomonas aeruginosa gyrA conferring resistance to fluoroquinolones
PROT_003598,26979f73778b,IMP-13
PROT_003599,682eef61ccf7,AAC(6')-Ib9
PROT_003600,ee56d172c99b,Pseudomonas aeruginosa gyrA conferring resistance to fluoroquinolones
PROT_003601,ed4642c3e3f1,MexF
PROT_003602,5b1221e8362f,nalD
PROT_003603,956716f00c6a,MexH
PROT_003604,dfc1949fff55,Type B NfxB
PROT_003605,c7ded970378f,nalC
PROT_003606,75580ff4dc95,MexZ
PROT_003607,f011e97f1e93,OpmD
PROT_003608,dcb50162f7a1,MexB
PROT_003609,c79985d0284b,Pseudomonas aeruginosa gyrA conferring resistance to fluoroquinolones
PROT_003610,4dbd94d92d8e,MexR
PROT_003611,c3b933fefbce,PDC-208
PROT_003612,ddc2b3791de4,arnA
PROT_003613,33e7bc1feef7,basS
PROT_003614,d45cf7c7a71b,mexY
PROT_003615,409b257d835a,OpmH
PROT_003616,896a6a9da2f6,OpmD
PROT_003617,9cb2b6ab5e6d,MexI
PROT_003618,68503788fed5,MexH
PROT_003619,73c9fc1f8aae,MexG
PROT_003620,da05445f35e3,nalC
PROT_003621,22967643d30b,IMP-19
PROT_003622,04eec16b9f8a,MexR
PROT_003623,26a5fde4f7dc,Type B NfxB
PROT_003624,cf47e932b632,MexD
PROT_003625,b46279dc7657,OprJ
PROT_003626,6ab215916488,basS
PROT_003627,1cba91f50c85,MexB
PROT_003628,b8d907458f54,APH(3')-IIb
PROT_003629,8582aaa99aab,basS
PROT_003630,6cf95aa0666c,ArnT
PROT_003631,d796e364cbce,MexV
PROT_003632,db1ebd6604cd,APH(3')-IIb
PROT_003633,fa732a5c9d5e,mexY
PROT_003634,847658cd7140,ArnT
PROT_003635,27d284e3913b,MexZ
PROT_003636,c1530fb5e57b,OprN
PROT_003637,f54fd3843cc6,arnA
PROT_003638,bf3881179618,OprJ
PROT_003639,565b633edd4f,nalC
PROT_003640,0613771a8ac4,OprN
PROT_003641,caca27753195,arnA
PROT_003642,542d7c248c24,MexJ
PROT_003643,72a87203a250,MexC
PROT_003644,328eb8f1ab36,OprJ
PROT_003645,e0e920ae4195,OpmD
PROT_003646,7becc78d3020,PDC-256
PROT_003647,f07fab4fb254,MexZ
PROT_003648,e98d2a6bc6bb,MexT
PROT_003649,052757252481,MexE
PROT_003650,353eeba214c4,MexZ
PROT_003651,54d1be7edea7,PDC-392
PROT_003652,7100732ae37e,AAC(3)-Ia
PROT_003653,a2bc501d7327,Pseudomonas aeruginosa gyrA conferring resistance to fluoroquinolones
PROT_003654,c1d73c280953,MexH
PROT_003655,665b86824dbe,basS
PROT_003656,8d0217e5b69d,ANT(2'')-Ia
PROT_003657,150a8da84234,MexZ
PROT_003658,8ebaf2faee63,MexW
PROT_003659,efb9a2fd6478,AAC(6')-Ib9
PROT_003660,7ec23fdbe2b5,IMP-56
PROT_003661,785166219d92,mexY
PROT_003662,94ed69fd91a4,arnA
PROT_003663,320102a61ea6,MexD
PROT_003664,7a50aa36f63c,MexC
PROT_003665,7735f9dac71e,APH(3')-IIb
PROT_003666,c05daceadaff,PDC-147
PROT_003667,2d14099b4164,arnA
PROT_003668,504e4cd67959,MexE
PROT_003669,1feff1a36bcd,MexV
PROT_003670,c5ea1e8d886c,MexZ
PROT_003671,87991471c29c,OXA-50
PROT_003672,a77841e6d04a,OpmD
PROT_003673,5199e2613bb3,PDC-17
PROT_003674,d492d06a2905,MexF
PROT_003675,42a093d0e2dc,MexE
PROT_003676,d48ce7303d9b,mexY
PROT_003677,4970c9b0bde1,OprJ
PROT_003678,968cb91afc74,MexD
PROT_003679,a41f84447a45,basS
PROT_003680,b8973e56f88c,OpmH
PROT_003681,a823d1881961,MexB
PROT_003682,a5291f225d7d,nalC
PROT_003683,927428010e4f,Type B NfxB
PROT_003684,bd1059652e62,mexY
PROT_003685,aec91baaa754,OprM
PROT_003686,4d2698a5ef32,arnA
PROT_003687,e068ad0a7aef,MexC
PROT_003688,1df081317628,MexI
PROT_003689,8fc9c7c08e32,ArnT
PROT_003690,9179dc3b0cc2,MexS
PROT_003691,5118ff0d6983,OpmB
PROT_003692,5454df702069,OprM
PROT_003693,cce95e101256,MexS
PROT_003694,c0e48c098088,VIM-28
PROT_003695,b0f24ad575fe,Pseudomonas aeruginosa gyrA conferring resistance to fluoroquinolones
PROT_003696,5a84fbe941ed,nalD
PROT_003697,4fc94c39625d,IMP-93
PROT_003698,8e1510d00347,OprM
PROT_003699,caaaab7d85f2,mexY
PROT_003700,7ce467e6a8b8,OprN
PROT_003701,82e6aa10cc29,PDC-162
PROT_003702,b7f5e4c07951,nalD
PROT_003703,79945df48362,MexR
PROT_003704,1126da62d67c,nalD
PROT_003705,2a52080b34d9,PDC-8
PROT_003706,2a927a1ed538,MexW
PROT_003707,98c0d7766572,MexZ
PROT_003708,919830fe27b5,MexB
PROT_003709,5626dc9911d7,MexK
PROT_003710,f364e816af1e,OprM
PROT_003711,d8134551c8bc,AAC(6')-Iaf
PROT_003712,b915240729d1,MexF
PROT_003713,2f78a1ba7c71,OpmD
PROT_003714,408e39e56a13,vanT gene in vanG cluster
PROT_003715,6903f8b9cd1e,OprJ
PROT_003716,81af6f74b7f2,MexA
PROT_003717,5b4e2f40f305,AAC(3)-Ib
PROT_003718,fa795d404009,MexD
PROT_003719,917c942ae9b7,MexG
PROT_003720,a658e2170a13,MexH
PROT_003721,b2aa8e567b07,Pseudomonas aeruginosa gyrA conferring resistance to fluoroquinolones
PROT_003722,d032bba8184d,MexH
PROT_003723,2151acb91384,MexH
PROT_003724,dddbc9ef259c,APH(6)-Id
PROT_003725,298fc7e9131c,ArnT
PROT_003726,b333de0a29ab,cprR
PROT_003727,71d61777fafe,MexC
PROT_003728,5c58056284a7,MexK
PROT_003729,e8fbfb882d7e,OpmB
PROT_003730,84ba35bc5011,MexF
PROT_003731,56945bd64b1b,MexI
PROT_003732,9f55baddcf36,PDC-125
PROT_003733,29af2ff922e0,OXA-1294
PROT_003734,e1ca8c07ebd2,MexD
PROT_003735,61c3fc89ef08,MexC
PROT_003736,80e5be82f86d,MexI
PROT_003737,a6ed71a44b1d,MexH
PROT_003738,6b25e2d86675,ArnT
PROT_003739,0c851dea1cad,arnA
PROT_003740,16ea23bd6fda,mexY
PROT_003741,f90ec5b79795,MexV
PROT_003742,d174fdfe0f88,MexW
PROT_003743,d099ee2ef797,OpmB
PROT_003744,d094ed86df92,OprN
PROT_003745,68391cff6466,MexF
PROT_003746,ff621f2a3260,MexS
PROT_003747,76cc89aabb13,AAC(6')-Ib10
PROT_003748,c09b92f446e4,nalC
PROT_003749,cddfd93c1d19,nalD
PROT_003750,f70a532a09ed,MexH
PROT_003751,6151453645ab,PDC-623
PROT_003752,aaca667af25c,arnA
PROT_003753,39740f537138,MexD
PROT_003754,2411d5ab3245,basS
PROT_003755,42ef1316f3f8,OXA-1024
PROT_003756,14f070151919,nalD
PROT_003757,c16e5f8b2554,MexE
PROT_003758,df0788f34638,OpmB
PROT_003759,f9ca849cb683,OXA-1140
PROT_003760,da1c7f24d22f,MexK
PROT_003761,a77d42c483ac,MexC
PROT_003762,f0c5f60d9ad5,PDC-168
PROT_003763,6b90e38c4b3d,MexB
PROT_003764,6db79e8f3d31,MexA
PROT_003765,5989137a0942,MexH
PROT_003766,49aee68bb1dc,MexG
PROT_003767,666f7b2120eb,MexS
PROT_003768,6c8321227bd5,MexZ
PROT_003769,0d03da679f26,AAC(6')-Ib9
PROT_003770,d3f7efcf8689,OpmD
PROT_003771,dfd40fb51ff7,OprN
PROT_003772,648359e891de,MexB
PROT_003773,cd5330ecdfb5,MexZ
PROT_003774,a893c06e488f,MexS
PROT_003775,3a7a17f8e0d2,MexW
PROT_003776,34f3c242c3e8,MexS
PROT_003777,d19861c77888,MexA
PROT_003778,26e4003158d9,FosA
PROT_003779,6e8afe53c5da,APH(3')-IIb
PROT_003780,b580fed81f29,mexY
PROT_003781,6e24848b6961,cprR
PROT_003782,b7f8e9f13558,OprJ
PROT_003783,90bb877301fd,MexC
PROT_003784,3fca2f91931b,OpmD
PROT_003785,060f43b3a02b,OpmH
PROT_003786,60bfe220067b,arnA
PROT_003787,8f22d9c59e03,MexK
PROT_003788,7c88d67e1f14,OXA-1268
PROT_003789,872e7c1a76d2,OpmB
PROT_003790,d469262d657b,ArnT
PROT_003791,3b77bfeae415,basS
PROT_003792,3a0fefbf0f7e,MexH
PROT_003793,8493c6da5857,MexH
PROT_003794,594ad3b75af8,MexG
PROT_003795,47a1db24055b,MexJ
PROT_003796,137ae86bbc43,OpmH
PROT_003797,3b943554c216,OprJ
PROT_003798,3912c7bdb39b,MexD
PROT_003799,420f6f036a34,MexC
PROT_003800,b8fc8d79b62b,PDC-7
PROT_003801,44401391e222,MexZ
PROT_003802,ff727a4e903a,MexF
PROT_003803,4c4998508b45,OpmD
PROT_003804,842ab7f55a93,PDC-447
PROT_003805,46213a0d9324,MexS
PROT_003806,448ebb72154a,IMP-7
PROT_003807,8aa4865719f5,MexZ
PROT_003808,f0ba83e43f90,basS
PROT_003809,9285e25b8953,basS
PROT_003810,701f6ac5646c,basS
PROT_003811,4f5dab491989,MexW
PROT_003812,0908d8f34269,MexV
PROT_003813,5774776e99e6,ArnT
PROT_003814,5038f973ed2c,arnA
PROT_003815,f5a39ab9fc8b,basS
PROT_003816,73093dd598d1,MexZ
PROT_003817,784891120e7f,MexH
PROT_003818,d17753d503c7,MexA
PROT_003819,2b64b3f0fe2a,MexE
PROT_003820,be6df65033cc,MexD
PROT_003821,b7a7a9f36087,arnA
PROT_003822,5f3fbf96b379,MexS
PROT_003823,d83afe276847,MexZ
PROT_003824,bd00edbd537f,MexW
PROT_003825,c7aaea903963,MexR
PROT_003826,6763ab94087c,basS
PROT_003827,4aeb0f352ffa,OpmD
PROT_003828,121c5321c2a6,arnA
PROT_003829,b7323f436ff7,OprN
PROT_003830,da57d04621a5,arnA
PROT_003831,371bc3db385f,MexB
PROT_003832,c564ac3fbe5e,MexS
PROT_003833,cadb4c020be8,MexT
PROT_003834,1ba64856e5e8,ArnT
PROT_003835,f9b93ede654b,MexK
PROT_003836,245daed8aae6,MexD
PROT_003837,9d4593b96ee4,MexR
PROT_003838,00b6fee027ba,OprJ
PROT_003839,d70b183f13a0,OprJ
PROT_003840,9b80213bf8c9,VIM-5
PROT_003841,1ce66374eae9,ANT(2'')-Ia
PROT_003842,fd039a648f23,VIM-82
PROT_003843,eca4bf0180b4,Type B NfxB
PROT_003844,c62bf6023a49,OprN
PROT_003845,e0dedef94dd8,OprN
PROT_003846,2ccd0a9a2c48,MexI
PROT_003847,2a6950b10f18,mexY
PROT_003848,dc5cb449a710,MexZ
PROT_003849,1245e0fc399a,nalC
PROT_003850,3b4fd1a82c33,MexH
PROT_003851,9a572eb3faa5,OprN
PROT_003852,73a672ee76b2,MexT
PROT_003853,5df9c21fd9d9,MexB
PROT_003854,915610586faf,Type B NfxB
PROT_003855,2636e30bd10f,MexW
PROT_003856,4f99264c7570,OpmB
PROT_003857,3958534dc7e9,MexJ
PROT_003858,75f11edfe71d,cprR
PROT_003859,249652573934,OpmD
PROT_003860,3c9bf0550d94,MexR
PROT_003861,cd195025064f,MexI
PROT_003862,29999940c347,MexW
PROT_003863,e6a734e1a0c7,MexD
PROT_003864,f0894681ac75,MexJ
PROT_003865,9605f7ca1516,MexR
PROT_003866,8f5b4c6e09cd,nalD
PROT_003867,19ce2550b6db,OprM
PROT_003868,709ddc56f772,nalD
PROT_003869,93811b9cefb9,FosA
PROT_003870,c00a991d87a0,mexY
PROT_003871,f751b20d50ca,basS
PROT_003872,a6b2ae55ebb0,vanT gene in vanG cluster
PROT_003873,dd932fee5b5f,nalD
PROT_003874,1bf8dddfc16a,MexW
PROT_003875,0b53c12f1697,OpmD
PROT_003876,b32efd8f7157,MexT
PROT_003877,6c6027b9f69b,nalC
PROT_003878,d9c8c597e4f1,nalD
PROT_003879,37a8f6bf9f42,MexC
PROT_003880,2b664221a336,PDC-3
PROT_003881,a93ac87097e2,MexZ
PROT_003882,5cf9fab5ce83,MexS
PROT_003883,f22579e336d0,AAC(6')-Ib9
PROT_003884,d04f7a70f322,arnA
PROT_003885,b1ba7661dc0c,MexA
PROT_003886,20c6c4ccf5ff,MexC
PROT_003887,9e51e7b4b471,MexA
PROT_003888,689667542176,MexK
PROT_003889,cdd66363960f,MexE
PROT_003890,768526ca5de0,mexY
PROT_003891,c8f80f1b9f4a,MexI
PROT_003892,906fc68ec0f5,Type B NfxB
PROT_003893,06010333340b,MexS
PROT_003894,b5333fe5654f,MexK
PROT_003895,a05095981ab2,basS
PROT_003896,0f0f763f0e2c,mexY
PROT_003897,170f34468356,nalD
PROT_003898,11ad6f489525,MexS
PROT_003899,245b47baab7f,OpmB
PROT_003900,35079527b841,MexK
PROT_003901,460315ed3903,OpmH
PROT_003902,bb0dcb2754f7,MexZ
PROT_003903,08c631849e6c,nalD
PROT_003904,ca7a96d0f4e1,MexT
PROT_003905,5e92e6c498d0,nalC
PROT_003906,2aec4a0538e7,AAC(6')-Ib10
PROT_003907,7cebb2bcc2f0,OpmD
PROT_003908,75c6baa022aa,cprR
PROT_003909,58daf58e37cc,MexJ
PROT_003910,e177c21aad35,nalC
PROT_003911,140f6bf1794b,MexS
PROT_003912,41bfc7887702,basS
PROT_003913,ba7f080bddae,MexV
PROT_003914,0bc44be969fd,MexK
PROT_003915,57922b0c6fc8,ArnT
PROT_003916,813c0b9d1edc,MexE
PROT_003917,7c3255df9393,OpmD
PROT_003918,f9235f210226,MexC
PROT_003919,f5630d2caf9c,mexY
PROT_003920,b5a9ef54b718,MexH
PROT_003921,8da85c97396e,ArnT
PROT_003922,95058aaeb659,MexA
PROT_003923,54f433688878,MexZ
PROT_003924,ed926967374b,AAC(3)-Id
PROT_003925,6d473c530302,MexD
PROT_003926,c0d952c57d89,AAC(6')-Ib9
PROT_003927,4e3f9068138d,MexZ
PROT_003928,01737d7295c8,APH(6)-Id
PROT_003929,86264a83d7e3,MexD
PROT_003930,ac7ae09f6d0a,APH(3')-IIb
PROT_003931,d9bcbef2af51,AAC(6')-Ib9
PROT_003932,839071c9d79a,OpmH
PROT_003933,4b782b94ebf3,MexI
PROT_003934,ae17bfa50fc0,MexZ
PROT_003935,a94ec1dc94e9,MexT
PROT_003936,9505b213ec32,nalD
PROT_003937,fd1103820fd8,OpmD
PROT_003938,3abaa20ececa,MexV
PROT_003939,bd1ffd5ad98c,mexY
PROT_003940,fb63d6d2eb43,basS
PROT_003941,c0ff4da3f4ab,MexE
PROT_003942,99165a1ee294,MexZ
PROT_003943,b859575ddc3c,MexR
PROT_003944,0c485d9e3dce,ArnT
PROT_003945,eabbbd0a55ad,MexW
PROT_003946,a3479d525483,OpmD
PROT_003947,b35b71c93e87,nalC
PROT_003948,b0d762aa4192,MexK
PROT_003949,9466e4061007,OXA-1124
PROT_003950,ea513ffe209b,OprJ
PROT_003951,6deee82bfa25,MexS
PROT_003952,e9d75c9fe6cc,AAC(6')-Ib'
PROT_003953,bc01600bd4b8,ANT(2'')-Ia
PROT_003954,7b32cb478c12,MexR
PROT_003955,4787e3cf9072,OprJ
PROT_003956,80946548a492,MexI
PROT_003957,fe5ca0884ac9,MexS
PROT_003958,bb3ae7c9c48e,nalD
PROT_003959,507226e2fe38,MexD
PROT_003960,4f42a299abc7,MexF
PROT_003961,539e012f92c6,MexH
PROT_003962,63150632c4ea,Pseudomonas aeruginosa gyrA conferring resistance to fluoroquinolones
PROT_003963,39c2f0ae0ebd,MexR
PROT_003964,cb3d884825ed,PDC-374
PROT_003965,fe36e6fd1eef,Type B NfxB
PROT_003966,63066e985fcf,PDC-375
PROT_003967,73abba920c69,OXA-494
PROT_003968,f479ed54e1d8,APH(3')-IIb
PROT_003969,23c7d2072368,APH(3')-VIa
PROT_003970,616c9081a448,Pseudomonas aeruginosa gyrA conferring resistance to fluoroquinolones
PROT_003971,dc157ebecab0,Type B NfxB
PROT_003972,203fd9b0ab0f,MexT
PROT_003973,41f89207afd7,AAC(6')-Ib'
PROT_003974,f078ab4bfaca,basS
PROT_003975,639b43a2db0e,MexJ
PROT_003976,7bd8d45981e3,MexK
PROT_003977,5faafa6fde85,OprM
PROT_003978,69cfd6dac91a,PDC-97
PROT_003979,3594b71a9541,mexY
PROT_003980,afe14bfa8a1a,OpmD
PROT_003981,4dd6c21554d9,MexI
PROT_003982,05842607ebc2,OprN
PROT_003983,be33cf8886b1,MexF
PROT_003984,40c239e82747,Type B NfxB
PROT_003985,3d36b7122ede,MexZ
PROT_003986,bf614356c3ce,MexT
PROT_003987,7a8e0b13fdbe,MexS
PROT_003988,c2e4da106089,MexR
PROT_003989,020ad6fab76f,MexR
PROT_003990,efbb297ec7bf,MexT
PROT_003991,3a7815b8ee5e,MexW
PROT_003992,bd7ab95861cf,OprJ
PROT_003993,ee97baa1d992,vanT gene in vanG cluster
PROT_003994,498e3895ffab,OpmD
PROT_003995,658c3b62c695,OpmB
PROT_003996,5151a858bb83,OprN
PROT_003997,78a49d65071b,MexE
PROT_003998,647ab68adb90,MexD
PROT_003999,77302cd8f858,OprJ
PROT_004000,b8fd2ce21bfd,MexW
PROT_004001,2030fc102b21,MexJ
PROT_004002,ffcc96c7c922,arnA
PROT_004003,2f80708629ba,basS
PROT_004004,d9506bdaa67e,OprN
PROT_004005,83225c1948ab,MexZ
PROT_004006,7e094577d073,OprJ
PROT_004007,ff99fc3f2d75,nalC
PROT_004008,09d497c8d58f,OprJ
PROT_004009,cef1042e9084,FosA
PROT_004010,0787854e8763,MexC
PROT_004011,e7068eec62f7,mexY
PROT_004012,9fbf92fa81e3,MexD
PROT_004013,f92e368527bb,OprJ
PROT_004014,ca3eccddaeed,MexF
PROT_004015,d0ca47e895fc,MexV
PROT_004016,16b5e39595fd,OprJ
PROT_004017,b2a87896fda1,MexZ
PROT_004018,583768f60036,Type B NfxB
PROT_004019,39049845d877,MexW
PROT_004020,6d4c4c4085f3,FosA
PROT_004021,190c201c6b5e,nalD
PROT_004022,57169dce0680,ArnT
PROT_004023,a9228d3ea00e,arnA
PROT_004024,9e124cd3455f,OpmB
PROT_004025,acf11449b4b8,OprJ
PROT_004026,2e4619ce79d9,FosA
PROT_004027,d3e901916ffa,MexC
PROT_004028,97345abca764,MexD
PROT_004029,e70301a57f0b,basS
PROT_004030,97ffd3a7a39e,nalC
PROT_004031,9bb155f00245,AAC(6')-Ib9
PROT_004032,565428ba5177,MexI
PROT_004033,bb43508ed3d3,basS
PROT_004034,454146103f17,mexY
PROT_004035,0c1945aa62da,IMP-74
PROT_004036,0b04f0e68807,OprN
PROT_004037,512b2fb6ee91,OprJ
PROT_004038,c10ee5b439de,MexC
PROT_004039,cbb08f7fb40e,MexZ
PROT_004040,4c457e8655f8,MexW
PROT_004041,ed006376569b,OprN
PROT_004042,31f191164b49,OprJ
PROT_004043,c5b491dd3664,MexD
PROT_004044,7775bec059cb,PDC-361
PROT_004045,154615ad2c1f,MexH
PROT_004046,90fe1bb58993,MexZ
PROT_004047,d457a9eaa551,ArnT
PROT_004048,fe486c612418,basS
PROT_004049,aa6935a345e2,MexD
PROT_004050,8e915ec31f60,Type B NfxB
PROT_004051,3adab269678d,MexD
PROT_004052,6df00ca45e36,MexC
PROT_004053,cf87b5797a88,MexV
PROT_004054,d64b1b2675ac,MexT
PROT_004055,b77255657863,OprM
PROT_004056,c9033aabaf09,mexY
PROT_004057,69e170838b28,ANT(2'')-Ia
PROT_004058,679508a7b946,basS
PROT_004059,0e3c0f8f110f,mexY
PROT_004060,72dc4d1508f3,mexY
PROT_004061,67a3847a7ffb,MexJ
PROT_004062,93ce453664a7,MexW
PROT_004063,d2fa2673f638,nalD
PROT_004064,a7e59bf724ea,cprR
PROT_004065,2e7ed6e52418,MexI
PROT_004066,99225b749561,ArnT
PROT_004067,3ced10cea6c8,OpmD
PROT_004068,09d4b03da773,ArnT
PROT_004069,afe374acd6e0,MexK
PROT_004070,fa2dffbe5830,OprN
PROT_004071,277801e77a06,mexY
PROT_004072,528ec80b378c,OprN
PROT_004073,aa284ac2c09f,PDC-565
PROT_004074,7176ff88c9c8,MexZ
PROT_004075,4bd3d38b2a72,OprM
PROT_004076,c2313509389d,OprJ
PROT_004077,ac2a86d8002b,MexD
PROT_004078,8bb64a6bdcf0,MexH
PROT_004079,7f190d7299d8,arnA
PROT_004080,a99b130964b6,OpmH
PROT_004081,d6dc434b9e99,MexZ
PROT_004082,60aa3ddcd8cf,MexB
PROT_004083,76c44178b8c2,PDC-20
PROT_004084,0fdf10489eac,MexZ
PROT_004085,c8e3db6d6150,nalD
PROT_004086,51cc79d27f76,OpmD
PROT_004087,38b5eefbc6b8,OprN
PROT_004088,71a24aa03c63,Pseudomonas aeruginosa gyrA conferring resistance to fluoroquinolones
PROT_004089,f50965a55bb3,MexR
PROT_004090,212ae70bd8fa,OpmD
PROT_004091,2b9df8b44fe1,MexK
PROT_004092,42502ca2807c,MexJ
PROT_004093,a809d9c03c6e,MexB
PROT_004094,dec761c6eeef,arnA
PROT_004095,55ec00d2d88a,MexR
PROT_004096,a20784e23e81,MexH
PROT_004097,3a75f895beda,nalC
PROT_004098,7c746d3d9a98,MexZ
PROT_004099,baa7d3bfa63a,OpmH
PROT_004100,795eadcd82e6,MexF
PROT_004101,fccc95903263,MexC
PROT_004102,9986839d6e98,MexJ
PROT_004103,d65d53d66336,OXA-1199
PROT_004104,bcbfcdd73f38,MexH
PROT_004105,b3718a1a8a00,vanT gene in vanG cluster
PROT_004106,0ff1309e2eda,MexW
PROT_004107,9812a73ed721,MexS
PROT_004108,14f0656c7cbc,MexZ
PROT_004109,8e880690fc66,MexB
PROT_004110,e8bd217e1786,MexH
PROT_004111,5553904acfd7,MexS
PROT_004112,5fd59bd381ec,ArnT
PROT_004113,c4a1fbdc98b4,mexY
PROT_004114,92e58aeddaac,OprM
PROT_004115,c32acc199f7e,MexC
PROT_004116,53249cd9e063,MexW
PROT_004117,fb663df9381d,APH(3')-IIb
PROT_004118,c431b2c9e5a5,ArnT
PROT_004119,953703a2c291,MexK
PROT_004120,e5f339cd38f9,MexC
PROT_004121,5cac8738e165,OprJ
PROT_004122,3363c32ba14a,OprN
PROT_004123,1148955d193c,MexR
PROT_004124,0780bf118824,MexZ
PROT_004125,9f1c0b19d477,MexT
PROT_004126,fe93eda459cf,PDC-65
PROT_004127,cc1bf3229d2a,MexZ
PROT_004128,96defeabaecb,MexF
PROT_004129,ed976ac596ac,MexV
PROT_004130,7e5aa6b532ce,ArnT
PROT_004131,4624641226bb,basS
PROT_004132,3c1cbf500618,PDC-28
PROT_004133,bccb08c21cf6,MexI
PROT_004134,35d9ef413831,MexW
PROT_004135,21bed3c4fc62,MexC
PROT_004136,022df10bf81b,MexK
PROT_004137,8bd5f244d091,MexS
PROT_004138,378482ff3001,OpmB
PROT_004139,3902eb29b184,APH(3')-IIb
PROT_004140,140d0410683f,MexW
PROT_004141,7e3e794a9a7a,MexD
PROT_004142,03b806380894,MexC
PROT_004143,ce33b5578cda,mexY
PROT_004144,b4a44b482746,OXA-1133
PROT_004145,32d3cee4f9a4,MexJ
PROT_004146,311a2da050ce,basS
PROT_004147,ec4166c675bb,FosA
PROT_004148,644e4cd754e4,Type B NfxB
PROT_004149,52f2845d836d,mexY
PROT_004150,28148f7b30cf,arnA
PROT_004151,30a5e920eebc,OXA-1288
PROT_004152,530b6509a95e,APH(3')-IIb
PROT_004153,2057bd93154b,OprJ
PROT_004154,df997e039244,arnA
PROT_004155,c7f9d74babf5,MexB
PROT_004156,b82c725d79b5,MexI
PROT_004157,9d26cc32b62e,arnA
PROT_004158,65320969d654,MexH
PROT_004159,ecf96bd646f6,Pseudomonas aeruginosa gyrA conferring resistance to fluoroquinolones
PROT_004160,c0ebcd2ac426,MexI
PROT_004161,ccf2fb6bda5c,MexD
PROT_004162,d420b5b85809,OpmB
PROT_004163,ca546e107407,APH(3')-IIb
PROT_004164,a83613d4851b,FosA
PROT_004165,6fb5ce0ab178,MexJ
PROT_004166,0cb9ecf0dc6c,ArnT
PROT_004167,755f21ceb2d5,MexE
PROT_004168,4e16034b9acb,arnA
PROT_004169,f95c700c4894,ArnT
PROT_004170,4df1b4871cd9,OpmD
PROT_004171,f9da3158d39f,APH(3')-IIb
PROT_004172,fa7f992b8777,PDC-70
PROT_004173,3408eaad5fd1,MexV
PROT_004174,c93e3f7e982b,mexY
PROT_004175,e7b597eff5fb,MexC
PROT_004176,837a67215883,MexD
PROT_004177,3c63f6dab1b6,OprJ
PROT_004178,d0b3909101ba,MexT
PROT_004179,abbf28228278,MexW
PROT_004180,4e495347cb1d,MexD
PROT_004181,bd904d5f03b6,MexV
PROT_004182,7e2201453946,FosA
PROT_004183,dcf4f4799340,OpmD
PROT_004184,e13b7b181d41,PDC-64
PROT_004185,2bd4b9bcf9f3,AAC(6')-Ib10
PROT_004186,00f647430205,nalD
PROT_004187,0ad1df877bc8,MexD
PROT_004188,cf582bdc602e,nalD
PROT_004189,eb73123d93c7,MexZ
PROT_004190,4bb06215abee,MexS
PROT_004191,490d5978c726,ArnT
PROT_004192,1b27be63272a,nalD
PROT_004193,d651b306009f,MexC
PROT_004194,6173814efcf2,MexW
PROT_004195,34ba5a07d9ce,OprM
PROT_004196,eaffead0953a,ArnT
PROT_004197,8f9c880e7c43,MexW
PROT_004198,c6334a74e951,OpmH
PROT_004199,d3d21afd9ac1,MexH
PROT_004200,129e222b5b5a,MexI
PROT_004201,f7379be0e1a3,MexW
PROT_004202,793f8777624d,MexC
PROT_004203,030a2b1d0d3d,MexS
PROT_004204,7d5c025289c9,MexT
PROT_004205,bfafedea7ebf,MexV
PROT_004206,68980a59f3bb,PDC-61
PROT_004207,489f5446c8f1,TriA
PROT_004208,fc79cb2b58b2,TriB
PROT_004209,597e756adba3,TriC
PROT_004210,4c60cadb9f14,bcr-1
PROT_004211,701db74427bd,YajC
PROT_004212,9603481ff103,mexP
PROT_004213,82bf3b2fa240,mexQ
PROT_004214,d32db72f2bcd,opmE
PROT_004215,5c23d62536a0,Pseudomonas aeruginosa CpxR
PROT_004216,48267996ae0a,cprS
PROT_004217,b26ad69a7a7e,MuxA
PROT_004218,b07595a8d55f,Pseudomonas aeruginosa soxR
PROT_004219,d2ff56a09eb1,ParR
PROT_004220,210966b9eec2,ParS
PROT_004221,47898f773b5e,PmpM
PROT_004222,86579905b87b,mexN
PROT_004223,482820114759,mexM
PROT_004224,730f253eba41,vanH gene in vanB cluster
PROT_004225,fa9b8186011d,rsmA
PROT_004226,7b51b2ee3b7b,vanW gene in vanG cluster
PROT_004227,583eebdbc1f9,Pseudomonas aeruginosa catB7
PROT_004228,a9b28ffa75ac,Pseudomonas aeruginosa emrE
PROT_004229,ee019eb1ad61,ArmR
PROT_004230,02ee9c87fcda,mexP
PROT_004231,102554dabd5b,mexQ
PROT_004232,85b470553024,opmE
PROT_004233,7979646366ba,TriA
PROT_004234,2dbb8996ee5b,MuxA
PROT_004235,bfdbd5956dea,MuxB
PROT_004236,08ffcb2dd0c7,MuxC
PROT_004237,844712cc8f11,ParS
PROT_004238,726f7f574517,Pseudomonas aeruginosa catB7
PROT_004239,d1b3f797c118,cprS
PROT_004240,f106dd8b2dba,mexN
PROT_004241,4d62196476d6,PmpM
PROT_004242,375cb714da64,basR
PROT_004243,a858364837c6,bcr-1
PROT_004244,ee3debc7f5f1,TriB
PROT_004245,8060a7b67af6,TriC
PROT_004246,da132a1ef8c1,vanW gene in vanG cluster
PROT_004247,04fd6c070685,MuxB
PROT_004248,b9082b409be8,MuxA
PROT_004249,ebf82cb25aca,mexN
PROT_004250,8ea537c2c675,mexM
PROT_004251,41d50eb5cd80,mexQ
PROT_004252,aa40b7325866,opmE
PROT_004253,fd2617dc5e5c,Pseudomonas aeruginosa catB7
PROT_004254,fc07ebcd5963,mexN
PROT_004255,97d20753494b,mexM
PROT_004256,c89119440358,mexP
PROT_004257,d9f7713df9df,mexQ
PROT_004258,9e22da7633ab,opmE
PROT_004259,20b9af595139,ParR
PROT_004260,55da7dc938f0,vanW gene in vanG cluster
PROT_004261,109ac045ada7,TriA
PROT_004262,9fddb29b8a76,TriC
PROT_004263,5cbb89d1b99a,PmpM
PROT_004264,840cba50e4de,Pseudomonas aeruginosa catB7
PROT_004265,1ac2ca69b4c5,vanH gene in vanB cluster
PROT_004266,4b96ae2e4ecc,adeF
PROT_004267,5768f8c5993e,vanW gene in vanG cluster
PROT_004268,3dcd543a3a03,Pseudomonas aeruginosa catB7
PROT_004269,990f575ac876,mexQ
PROT_004270,72dc533cc530,opmE
PROT_004271,10de393dee6b,MuxA
PROT_004272,04127ce257a3,PmpM
PROT_004273,f136acb13022,mexN
PROT_004274,03d3ae8def49,opmE
PROT_004275,4bcfa6089fe0,PmpM
PROT_004276,77c582acab47,bcr-1
PROT_004277,22c00800328f,ParS
PROT_004278,dab03c680c26,mexN
PROT_004279,2c9296bd5ca8,mexM
PROT_004280,406942dd2e5b,mexQ
PROT_004281,a05376fb8fe1,opmE
PROT_004282,18f72f127923,Pseudomonas aeruginosa catB7
PROT_004283,f8a5a6f42704,cprS
PROT_004284,21502f1b962a,vanW gene in vanG cluster
PROT_004285,1e5b87fe5d08,Pseudomonas aeruginosa catB7
PROT_004286,15aff625fb1a,MuxA
PROT_004287,64ff5065c25c,mexM
PROT_004288,c22a3498250a,TriA
PROT_004289,28878ccf8c53,opmE
PROT_004290,2b9ac0db4207,mexP
PROT_004291,5909d758792d,PmpM
PROT_004292,61d14a13a8c7,bcr-1
PROT_004293,6756b63774c9,MuxB
PROT_004294,774beddd2248,MuxC
PROT_004295,fed4e150f8f4,TriB
PROT_004296,7c72404d6fbd,qacL
PROT_004297,4b4005e1f5f4,sul1
PROT_004298,b72e7d113809,ParS
PROT_004299,f3c1f0afb323,mexN
PROT_004300,91d56443f8ba,mexN
PROT_004301,38e1ca14e570,TriB
PROT_004302,aa7babaae70c,TriC
PROT_004303,0717277342a4,opmE
PROT_004304,5422113bd52e,mexQ
PROT_004305,77f489f8df1a,bcr-1
PROT_004306,e7c11418624b,ParR
PROT_004307,41b84e6202f2,ParS
PROT_004308,9ed11af45940,PmpM
PROT_004309,db43b7af5a56,bcr-1
PROT_004310,ce640861b47f,vanW gene in vanG cluster
PROT_004311,cb6efc9d7c71,Pseudomonas aeruginosa catB7
PROT_004312,d7241744fc25,opmE
PROT_004313,26946917c27d,Pseudomonas aeruginosa ampR with mutation conferring resistance to aztreonam
PROT_004314,ba439f3d8410,ParS
PROT_004315,ab927d75a0a9,mexM
PROT_004316,81d88093f333,TriC
PROT_004317,4aabc9ca8925,bcr-1
PROT_004318,d2554d10036f,mexP
PROT_004319,e283f058b7e0,mexQ
PROT_004320,612c46d4b222,opmE
PROT_004321,b70c261bb7ed,Pseudomonas aeruginosa catB7
PROT_004322,a8d19e7f5470,TriA
PROT_004323,f4e1935f987d,opmE
PROT_004324,1f107d89fb3a,mexQ
PROT_004325,51679718d585,mexM
PROT_004326,87690674865a,mexN
PROT_004327,63dacb61b92a,PmpM
PROT_004328,1f32464a6d77,vanW gene in vanG cluster
PROT_004329,e79b9caeb979,Pseudomonas aeruginosa emrE
PROT_004330,44f40760a6a0,ParS
PROT_004331,cd87f565ed27,opmE
PROT_004332,05c234925e4c,mexQ
PROT_004333,d5549e0fff3d,mexN
PROT_004334,0dd7fbfaec80,mexM
PROT_004335,4985d538dec1,MuxC
PROT_004336,76e692cd706e,ParS
PROT_004337,cdcba607e878,mexQ
PROT_004338,20b4a261d1bc,opmE
PROT_004339,bb5858be704e,mexM
PROT_004340,a232b77eb53b,mexN
PROT_004341,4820193f5345,MuxC
PROT_004342,c9c2e235f387,MuxA
PROT_004343,71037150cd69,Pseudomonas aeruginosa catB7
PROT_004344,3bd1dd43c66e,TriB
PROT_004345,1beb817704c2,opmE
PROT_004346,38a4be1d6a5f,mexM
PROT_004347,6b22b0bed056,MuxA
PROT_004348,25ac4aa60c8f,opmE
PROT_004349,bc05d4ea0a3e,ParS
PROT_004350,052c652c2bab,mexM
PROT_004351,febd95346489,ParR
PROT_004352,930c30192980,vanH gene in vanB cluster
PROT_004353,7bab97ee4534,mexP
PROT_004354,93508061eb4f,mexQ
PROT_004355,a08dfb2dc6e5,Pseudomonas aeruginosa catB7
PROT_004356,092f3e8dea9c,ParS
PROT_004357,7a8fc4da4cef,mexN
PROT_004358,05c35e0ef9fd,MuxB
PROT_004359,1fb0e5edcdaa,TriC
PROT_004360,a5a6b792d2bf,TriB
PROT_004361,2a884a1db1a4,TriA
PROT_004362,6e1f8783f3f8,Pseudomonas aeruginosa catB7
PROT_004363,de161fd985c2,mexN
PROT_004364,5ceec9170232,cprS
PROT_004365,0ee79a5947a7,mexQ
PROT_004366,c288f797d53e,opmE
PROT_004367,1342484308ed,MuxA
PROT_004368,ee8ac1fccc15,MuxC
PROT_004369,fd958174d0db,TriB
PROT_004370,5d69c7019bc2,opmE
PROT_004371,47f088c40dd1,mexQ
PROT_004372,94c6f0a87361,mexP
PROT_004373,6754c4142004,ParR
PROT_004374,d813befd276a,bcr-1
PROT_004375,45e7fb640160,opmE
PROT_004376,b61baa8861f2,mexM
PROT_004377,0c359c074b50,Pseudomonas aeruginosa catB7
PROT_004378,ab621c055617,Pseudomonas aeruginosa catB7
PROT_004379,c57f58ad8ef6,PmpM
PROT_004380,6fe530d9851b,opmE
PROT_004381,5ae349f43e27,mexQ
PROT_004382,da0221065ac5,mexN
PROT_004383,23bd0e19e0d1,mexM
PROT_004384,cb90d1505362,ParR
PROT_004385,1d80efc33008,bcr-1
PROT_004386,95eaf478b8a1,ParS
PROT_004387,c36637acc18c,TriA
PROT_004388,7afa0ce3ae4b,PmpM
PROT_004389,6ad0fa26c0f3,mexN
PROT_004390,69e3539967a3,opmE
PROT_004391,d1b7fa91bf46,mexQ
PROT_004392,667dfddfc952,TriA
PROT_004393,1294498f8c24,opmE
PROT_004394,256977ff5bb5,mexQ
PROT_004395,dcc499b636e5,mexP
PROT_004396,6686aefa2e31,ArmR
PROT_004397,83e9633810d0,bcr-1
PROT_004398,5cb23b6735c1,adeF
PROT_004399,f7eaecbcdb44,cprS
PROT_004400,19e1a7dfc953,ParS
PROT_004401,c5e5347ba27a,vanW gene in vanG cluster
PROT_004402,0dcc2ab042bc,MuxA
PROT_004403,6df7d8822960,MuxC
PROT_004404,10b0b1536ba7,dfrB5
PROT_004405,9c58a85a79ab,qacJ
PROT_004406,ca9819678950,aadA2
PROT_004407,0ccf291b7214,bcr-1
PROT_004408,63319c2422cc,cmlA9
PROT_004409,2a2849bf4830,Pseudomonas aeruginosa emrE
PROT_004410,18ef7615604d,Pseudomonas aeruginosa catB7
PROT_004411,232eb3e07e5a,mexP
PROT_004412,7ecc407ed3f1,cmlA9
PROT_004413,11a14165b9f4,sul2
PROT_004414,05389f29e3a2,qacEdelta1
PROT_004415,2b2e446f4375,mexQ
PROT_004416,17fda1138b34,mexN
PROT_004417,f8abe741a0f9,TriB
PROT_004418,1fecc5169071,TriA
PROT_004419,6128ebb1e68f,MuxC
PROT_004420,e0703369fad0,adeF
PROT_004421,4befd3102003,mexN
PROT_004422,868572977e92,opmE
PROT_004423,78551bbd7ad2,cmlA6
PROT_004424,5369ca871eba,qacJ
PROT_004425,4968434f7d9f,cprS
PROT_004426,bf9eba9ab4ec,Pseudomonas aeruginosa catB7
PROT_004427,c31299503d54,TriB
PROT_004428,6e0e0101fe51,mexP
PROT_004429,440697e68886,mexQ
PROT_004430,21e349679a7e,vanH gene in vanB cluster
PROT_004431,1ce8882650a9,mexM
PROT_004432,232ac6277759,mexN
PROT_004433,aaaaa3bec531,cprS
PROT_004434,e9abc41bff50,MuxB
PROT_004435,9e36f4d33c07,mexN
PROT_004436,466089e81fe4,opmE
PROT_004437,9eb168ebb751,mexN
PROT_004438,e46b83ba1985,mexM
PROT_004439,5f38f3449a41,bcr-1
PROT_004440,91fcf50e3ceb,ArmR
PROT_004441,4e496bc5630f,mexQ
PROT_004442,64a62085175f,opmE
PROT_004443,ca5d62fad03b,TriC
PROT_004444,d691de5c4342,TriB
PROT_004445,e22f689fa8e5,mexP
PROT_004446,2e37106c8eeb,MuxB
PROT_004447,4f2fc0788650,ParS
PROT_004448,21477a22cf84,mexN
PROT_004449,ffe9f98e6883,vanH gene in vanB cluster
PROT_004450,dc2d74a6ba98,vanW gene in vanG cluster
PROT_004451,fe7c9a5078cc,TriA
PROT_004452,5147019b71b3,ArmR
PROT_004453,bfa5889d458f,mexQ
PROT_004454,09d7603cc327,opmE
PROT_004455,2f6cee9513a9,cprS
PROT_004456,1f01b2c927b2,rmtB
PROT_004457,f550beff39fe,MuxB
PROT_004458,08b7541f1166,mexM
PROT_004459,a657f03a0c33,vanW gene in vanG cluster
PROT_004460,95ae45261a47,QnrVC1
PROT_004461,9c2e60e7a5a7,mexN
PROT_004462,941a71d88d38,opmE
PROT_004463,ec6a148d64ec,cprS
PROT_004464,1d6d23732e27,MuxA
PROT_004465,18bf3a9e5023,opmE
PROT_004466,85aa366a9f99,ParS
PROT_004467,b19a85bedeb1,MuxC
PROT_004468,a8ee6f531f02,vanW gene in vanG cluster
PROT_004469,5d8becd0878e,TriB
PROT_004470,f131f8aa0c3c,TriA
PROT_004471,b57c333ba8c7,MuxA
PROT_004472,9476a2cc8450,ParS
PROT_004473,89f2e2e1750e,Pseudomonas aeruginosa catB7
PROT_004474,f6b295ada5c0,TriA
PROT_004475,ee7256cb4776,opmE
PROT_004476,8ebada524a80,mexQ
PROT_004477,f20656624365,TriA
PROT_004478,b6953df55eb6,vanW gene in vanG cluster
PROT_004479,9435abe8166e,mexM
PROT_004480,7b6589dbd483,mexQ
PROT_004481,14394c1b1c21,PmpM
PROT_004482,4352e394a4d8,MuxB
PROT_004483,895961702a97,mexM
PROT_004484,1c90db9fa736,vanW gene in vanG cluster
PROT_004485,011872603d59,ParS
PROT_004486,ce18da2f1730,opmE
PROT_004487,3214d06a1236,mexQ
PROT_004488,9a57a2cb0e45,TriB
PROT_004489,0f95708bb106,cprS
PROT_004490,0bb645f5e320,adeF
PROT_004491,8d7cca5ae176,opmE
PROT_004492,f2539c741e52,cprS
PROT_004493,b14d7ad7e4c1,MuxC
PROT_004494,a57302ca2722,TEM-1
PROT_004495,121b364df330,qacJ
PROT_004496,b5d91728c93f,aadA
PROT_004497,4f16b052b261,PAU-1
PROT_004498,894e1f0ad6ba,mphE
PROT_004499,5418973fc0e6,msrE
PROT_004500,6e68fab5fcb3,mphA
PROT_004501,64f0b3cb5c5b,Mrx
PROT_004502,fee32291c156,mexQ
PROT_004503,49b5cccfd6f1,vanW gene in vanG cluster
PROT_004504,c9503bcac243,aadA
PROT_004505,9299953c891a,bcr-1
PROT_004506,698c202952e5,TriA
PROT_004507,80a07b493b59,TriC
PROT_004508,fa35b795d8ee,YajC
PROT_004509,d2dd001560b0,LCR-1
PROT_004510,233b7d47df9f,aadA11
PROT_004511,d15a9301fe61,vanW gene in vanG cluster
PROT_004512,0f376140e757,ArmR
PROT_004513,f53aad6f69de,ParR
PROT_004514,7c558e2db4e8,ParS
PROT_004515,43d45b905bb1,mexN
PROT_004516,2d7df0a43ad1,mexM
PROT_004517,9f6693c984ef,Pseudomonas aeruginosa emrE
PROT_004518,9883d93e1c94,bcr-1
PROT_004519,18329bee45ee,MuxC
PROT_004520,f0f218676810,cprS
PROT_004521,617750274e54,TriA
PROT_004522,6c08a84e2aa6,mexP
PROT_004523,5d65316d1198,mexQ
PROT_004524,a3ba01e0c8e0,opmE
PROT_004525,4188054c5a3f,Pseudomonas aeruginosa soxR
PROT_004526,42fe35f1510c,basR
PROT_004527,d12828071f03,mexM
PROT_004528,8bc8bfbc4998,opmE
PROT_004529,8b60beddf512,bcr-1
PROT_004530,3e5e6add9941,sul1
PROT_004531,528667ed2214,opmE
PROT_004532,a56c8ea99550,ParS
PROT_004533,8079ce6b326e,mexN
PROT_004534,89bc23214b14,TriA
PROT_004535,e11fa1cf889e,ParR
PROT_004536,3139fd33562c,mexM
PROT_004537,abb70354dfad,mexN
PROT_004538,590f90bf2994,vanH gene in vanB cluster
PROT_004539,c1945114bda6,Pseudomonas aeruginosa catB7
PROT_004540,4457284de27e,basR
PROT_004541,cf5de94b136d,mexQ
PROT_004542,2efc929e20c7,mexP
PROT_004543,1f6ebde60765,mexM
PROT_004544,06a9092b9862,MuxA
PROT_004545,89883847575d,MuxB
PROT_004546,15582831125e,MuxC
PROT_004547,c31b96410037,MuxC
PROT_004548,e749245e77fa,ParR
PROT_004549,0c8c02d893f3,PME-1
PROT_004550,4c6bc9cae6c7,rmtD
PROT_004551,b7700aef5035,adeF
PROT_004552,10b4274a3561,TriC
PROT_004553,7405cdfa99d8,mexQ
PROT_004554,22367aa963fa,opmE
PROT_004555,44e1bc62bfb3,sul1
PROT_004556,e519f7eb141b,aadA
PROT_004557,926cf0ff8f3b,mexP
PROT_004558,53931acbd92e,TriA
PROT_004559,29b30bb18da4,mexN
PROT_004560,1119f327b3ef,MuxC
PROT_004561,6e9872da6012,MuxB
PROT_004562,7215f4627f03,cprS
PROT_004563,cb962ed981d5,mexQ
PROT_004564,21b65c21be85,sul1
PROT_004565,4d52bb5a1797,mexM
PROT_004566,54c59395b29c,vanW gene in vanG cluster
PROT_004567,d43b2c1a9d8d,MuxC
PROT_004568,bee0a79dd60d,MuxB
PROT_004569,13696d3ed361,MuxA
PROT_004570,e2b01cc2e7dc,TriB
PROT_004571,7c67af400fc0,TriA
PROT_004572,5c2a3e040a91,PmpM
PROT_004573,d384c5627171,OprA
PROT_004574,77764dcfcd32,mexN
PROT_004575,34113ffe450c,adeF
PROT_004576,d87d1f221607,Pseudomonas aeruginosa CpxR
PROT_004577,711cbf469e71,bcr-1
PROT_004578,a85af68d97e5,Pseudomonas aeruginosa emrE
PROT_004579,c2118ac8df4c,ParR
PROT_004580,46615906235b,Pseudomonas aeruginosa soxR
PROT_004581,368be3ed3ac0,mexM
PROT_004582,932063ffa1c3,bcr-1
PROT_004583,8b2f907f96b5,dfrB2
PROT_004584,6867dc993ceb,dfrA1
PROT_004585,6ae64008a2d4,floR
PROT_004586,86a0053a65a4,opmE
PROT_004587,58d4e65d7173,mexQ
PROT_004588,02fcb927ed12,tet(A)
PROT_004589,2e7648726e1b,VEB-14
PROT_004590,d8c285b68373,mexP
PROT_004591,cf4f4883081d,mexQ
PROT_004592,3577d4e74809,opmE
PROT_004593,51c732bfecbe,MuxB
PROT_004594,19dee6764ecb,mexM
PROT_004595,ce70e51afdf2,mexN
PROT_004596,4f23d35c54d1,vanW gene in vanG cluster
PROT_004597,17d8cb7e3946,cprS
PROT_004598,70f19bede739,vanW gene in vanG cluster
PROT_004599,26d39cca63b3,Pseudomonas aeruginosa catB7
PROT_004600,b42676d94be6,adeF
PROT_004601,e073637418e3,MuxB
PROT_004602,d658a0f4a82e,bcr-1
PROT_004603,34a058cc488b,TriC
PROT_004604,c763ce3c1152,cprS
PROT_004605,20d7a3e130c1,TriB
PROT_004606,237d0b78427e,tet(C)
PROT_004607,af318f7191bd,VEB-16
PROT_004608,ce67280c4f0c,ParS
PROT_004609,0357e156ff2a,cmlA5
PROT_004610,08aaa7ef5a02,VEB-9
PROT_004611,59a1c4713c08,ParR
PROT_004612,a46c3b63a0d9,MuxA
PROT_004613,29402dd4b2a0,ParR
PROT_004614,a7650bc9047a,opmE
PROT_004615,97e78d57997a,Pseudomonas aeruginosa ampR with mutation conferring resistance to aztreonam
PROT_004616,c70f7cf4b366,cprS
PROT_004617,5fe574e243a1,mexP
PROT_004618,68684a40132f,bcr-1
PROT_004619,efce1f611d8d,TEM-116
PROT_004620,1521a89b3b3f,bcr-1
PROT_004621,c742cab20664,TriC
PROT_004622,27821192916c,PmpM
PROT_004623,3a6d25d1539a,mexQ
PROT_004624,25344d46ca32,aadA6
PROT_004625,d4b5551839b2,TriC
PROT_004626,d6d791d1487e,bcr-1
PROT_004627,735e8c54ddd1,TriB
PROT_004628,c01357a1be7c,mexN
PROT_004629,f557cc42e588,ParS
PROT_004630,08ea0db9b992,cprS
PROT_004631,e36dbd2cb99d,Pseudomonas aeruginosa CpxR
PROT_004632,fc5f60325146,mexN
PROT_004633,8ee12f479508,Pseudomonas aeruginosa catB7
PROT_004634,429627476367,TriB
PROT_004635,16c05baebac5,vanW gene in vanG cluster
PROT_004636,659c42fb62e0,mexP
PROT_004637,18ea8542684d,mexQ
PROT_004638,7db3d88f4a58,ParS
PROT_004639,b2049e744226,MuxC
PROT_004640,79021f00c78a,mexM
PROT_004641,9a9a0f870939,Pseudomonas aeruginosa soxR
PROT_004642,8c56e67403dc,TriA
PROT_004643,abcb529d9926,TriB
PROT_004644,d66c9e0c1820,opmE
PROT_004645,b2832389e92e,mexQ
PROT_004646,d9afef057314,PmpM
PROT_004647,6084206d012d,aadA13
PROT_004648,930fa06b0a22,vanW gene in vanG cluster
PROT_004649,693a1f413440,vanH gene in vanB cluster
PROT_004650,4108b2112e55,TriA
PROT_004651,023ae950c51a,opmE
PROT_004652,4ab4ec7e131a,ParS
PROT_004653,3a3be57f4872,opmE
PROT_004654,0514bb50979e,Pseudomonas aeruginosa soxR
PROT_004655,b034636b5564,TriB
PROT_004656,772bfb6a5e33,basR
PROT_004657,8133e49792a0,TriB
PROT_004658,47ea30abeb6c,mexQ
PROT_004659,d3e18c4766df,Pseudomonas aeruginosa CpxR
PROT_004660,80cd107035dc,mexM
PROT_004661,f13b2a93f625,mexN
PROT_004662,beef5f37746c,MuxB
PROT_004663,768d92f7b6f6,MuxC
PROT_004664,83ccdfea6379,mexM
PROT_004665,eb4abd6aabcb,mexM
PROT_004666,b5500060115e,bcr-1
PROT_004667,b4cb44d5923e,mexN
PROT_004668,1293cf369c6e,mexP
PROT_004669,73f7ed9b4177,bcr-1
PROT_004670,8268f0bbf8d2,MuxC
PROT_004671,cff109d1b257,opmE
PROT_004672,b24e5fa4e5f6,Pseudomonas aeruginosa CpxR
PROT_004673,0f54af86e57d,MuxA
PROT_004674,44baa7801b98,MuxB
PROT_004675,74f44a439093,ParS
PROT_004676,6fa7e5d49c67,mexM
PROT_004677,088c77e302ea,vanW gene in vanG cluster
PROT_004678,94c38dc4b409,qacJ
PROT_004679,6d9ebe37fc9f,dfrA1
PROT_004680,106b826c0025,cmx
PROT_004681,6fd24071674b,MuxB
PROT_004682,0627e23933a0,ParR
PROT_004683,298aa5d2badf,MuxB
PROT_004684,c7f61884e109,cprS
PROT_004685,f0371fae6765,ParR
PROT_004686,eadadc8be26c,mexQ
PROT_004687,7cfb30f01ce7,cprS
PROT_004688,ab1befc4702c,Pseudomonas aeruginosa catB7
PROT_004689,8b5ec2113246,Pseudomonas aeruginosa CpxR
PROT_004690,69449aeb334d,ParR
PROT_004691,7d822b3e0b75,mexQ
PROT_004692,e69d3df86a5b,cprS
PROT_004693,a87e558e72c5,MuxB
PROT_004694,bd9bcd484151,mexM
PROT_004695,c4f3b724f3f6,Pseudomonas aeruginosa catB7
PROT_004696,a2c07f771264,mexP
PROT_004697,780f468b7764,bcr-1
PROT_004698,5da26a847624,MuxC
PROT_004699,985e616716fc,vanW gene in vanG cluster
PROT_004700,06d6538c9cf7,mexQ
PROT_004701,adc30759287f,PmpM
PROT_004702,c95da2abda26,TriB
PROT_004703,e428d2544a67,vanH gene in vanB cluster
PROT_004704,c5f909c33179,Pseudomonas aeruginosa catB7
PROT_004705,084b389f362b,bcr-1
PROT_004706,3ae961aeb612,aadA3
PROT_004707,3dc6b8726361,bcr-1
PROT_004708,d8ba30006e66,ParS
PROT_004709,f8c8beeff0bc,mexP
PROT_004710,19ed912a39c6,mexN
PROT_004711,34e220530169,mexQ
PROT_004712,d76d4c60d025,cprS
PROT_004713,32414dd24d25,ParS
PROT_004714,89e3a661fca7,vanW gene in vanG cluster
PROT_004715,e203fd0da17a,mexM
PROT_004716,fcc637cc60aa,opmE
PROT_004717,23258f011947,Pseudomonas aeruginosa emrE
PROT_004718,0b5b0cbab005,PmpM
PROT_004719,e925ecffb618,Pseudomonas aeruginosa catB7
PROT_004720,83517087f8bb,mexM
PROT_004721,f18b8dc74c33,PmpM
PROT_004722,06bbcd36fcdf,MuxA
PROT_004723,f529c411012b,MuxB
PROT_004724,8373d23f9fd6,MuxC
PROT_004725,0e07e7e70d48,bcr-1
PROT_004726,2f7f1bad8bd4,MuxB
PROT_004727,ab62a55b8868,Pseudomonas aeruginosa catB7
PROT_004728,d536f470fe78,mexQ
PROT_004729,ad1fb44cd6c4,mexM
PROT_004730,dc393fda906b,ParR
PROT_004731,7af5a9bd877d,mexM
PROT_004732,a8a16cac830b,TriA
PROT_004733,12b27071a6c3,TriB
PROT_004734,0f6b18beac15,TriA
PROT_004735,6cbd0ae8e02f,opmE
PROT_004736,3203754e29b1,mexM
PROT_004737,e27fb76a4f6a,adeF
PROT_004738,7124626433d9,ParS
PROT_004739,9bcb4dc17f1a,vanW gene in vanG cluster
PROT_004740,adbdab10e170,PmpM
PROT_004741,6624370f840a,opmE
PROT_004742,3678eb02282e,mexP
PROT_004743,578b22f45aa9,bcr-1
PROT_004744,3946e9ed141d,mexP
PROT_004745,e60b12a20bab,mexQ
PROT_004746,bd9696ccb3b6,ParR
PROT_004747,b74785d01dce,mexM
PROT_004748,9a010a58f952,bcr-1
PROT_004749,2fc95a612647,catB3
PROT_004750,7d692e7e2de0,tet(C)
PROT_004751,d833a1153535,YajC
PROT_004752,eacc2aa1e30d,TriC
PROT_004753,44e457aef115,TriB
PROT_004754,5e945b284ac4,MuxC
PROT_004755,93c10bfbc169,cmlA5
PROT_004756,d9bc359b4f27,aadA3
PROT_004757,420b9616491c,Pseudomonas aeruginosa CpxR
PROT_004758,6b07dd923597,bcr-1
PROT_004759,64357d862f7e,Pseudomonas aeruginosa catB7
PROT_004760,0a70f1ffddb2,mexM
PROT_004761,7ec465b3bcda,opmE
PROT_004762,74013f99b97c,mexQ
PROT_004763,bfa4066574d3,ParR
PROT_004764,44486068c1ce,ParS
PROT_004765,41c6b510f37f,mexN
PROT_004766,85968b61e769,BLMT
PROT_004767,34b4000f5e2c,adeF
PROT_004768,b7b1a9f2b7e2,bcr-1
PROT_004769,4f08e8a7cc0b,TriB
PROT_004770,24eaecbaf0ae,opmE
PROT_004771,2b58c50a606c,mexQ
PROT_004772,15cb21ace352,ParS
PROT_004773,f2162d4aeef1,TriA
PROT_004774,77505b6d5ebd,Pseudomonas aeruginosa CpxR
PROT_004775,b86a8f30eb5c,EreA2
PROT_004776,716eb6d94b2e,mexP
PROT_004777,56d06b877eae,mexQ
PROT_004778,6919e29f9f83,opmE
PROT_004779,f1cd8d859705,Pseudomonas aeruginosa catB7
PROT_004780,ccf28ef10115,vanH gene in vanB cluster
PROT_004781,1d292c864f8e,BRP(MBL)
PROT_004782,cc0bd11ab611,floR
PROT_004783,810e19fb87f2,DIM-1
PROT_004784,f838f0863414,bcr-1
PROT_004785,6971a886dabc,cprS
PROT_004786,26e6f26fb6ce,TriC
PROT_004787,2fd1ca58422d,mexP
PROT_004788,d13163b7bd48,cprS
PROT_004789,068ca1fdbce7,MuxA
PROT_004790,a1b80407b1cb,msrE
PROT_004791,6c507c3b0da6,dfrA22
PROT_004792,e95418652072,arr-2
PROT_004793,aec5acb22e90,tet(X6)
PROT_004794,c4795dab0c1d,aadA13
PROT_004795,bb80c2ee3058,arr-8
PROT_004796,741dbb441738,qacL
PROT_004797,18e1b40a775c,Pseudomonas aeruginosa catB7
PROT_004798,eb10de8189b5,opmE
PROT_004799,48d5e783352b,Pseudomonas aeruginosa catB7
PROT_004800,58af135ab579,mexM
PROT_004801,6aa11be85eba,mexQ
PROT_004802,122d9cd1a664,mexP
PROT_004803,fab9589a83ee,bcr-1
PROT_004804,ec55e0ed4280,vanW gene in vanG cluster
PROT_004805,8b5de778dcce,opmE
PROT_004806,a88d9b25e55c,cprS
PROT_004807,bd064c530556,mexN
PROT_004808,1470824119d2,adeF
PROT_004809,1aca3f97e9e9,PmpM
PROT_004810,2f392d3b74c8,opmE
PROT_004811,446c732698cf,MuxB
PROT_004812,de26c51f84fc,tet(A)
PROT_004813,06e077c71202,MuxA
PROT_004814,6fd3c4c0cdb5,opmE
PROT_004815,d3a97f5704cf,PmpM
PROT_004816,a07562cf9690,mexM
PROT_004817,c794df910d45,mexN
PROT_004818,9d65afafa14f,ParS
PROT_004819,229ae524d95c,TriB
PROT_004820,68184c263863,opmE
PROT_004821,a709e4c47237,cprS
PROT_004822,7053787570d3,ParS
PROT_004823,e4261f6ef0e1,cprS
PROT_004824,9f9c4af5f1fd,mexM
PROT_004825,f3162c749ec7,ParS
PROT_004826,161d8e72cbe4,TriB
PROT_004827,676f14fe7224,mexM
PROT_004828,d6995e9ebb85,mexN
PROT_004829,b38b6ade5f01,rmtD
PROT_004830,84630696b56b,sul1
PROT_004831,e5f59946744f,aadA7
PROT_004832,05b1e8cb4c4a,bcr-1
PROT_004833,7576a901f029,mexP
PROT_004834,f76c4aff4156,SPM-1
PROT_004835,1d8a2e3a375f,MuxA
PROT_004836,b8eab8930e8d,Pseudomonas aeruginosa catB7
PROT_004837,1e7f0df87913,opmE
PROT_004838,6b6b5f354322,mexQ
PROT_004839,6b92bba53f8a,mexN
PROT_004840,3f6874324d11,ParS
PROT_004841,070830fb8006,TriB
PROT_004842,dbd6b60e167e,mexP
PROT_004843,5d9c949edc3f,vanW gene in vanG cluster
PROT_004844,0541f8efa594,cprS
PROT_004845,4203c92fb5df,mexQ
PROT_004846,7994c4ae11d5,ParS
PROT_004847,84fb4d488eb3,MuxB
PROT_004848,b87d5d14210f,ArmR
PROT_004849,e18332543c58,mexN
PROT_004850,f1bfad36e578,sul1
PROT_004851,b0dd29bb0452,mexQ
PROT_004852,f475398e28b0,TriA
PROT_004853,ddbd0690f3dd,MuxC
PROT_004854,159624082f7e,mexN
PROT_004855,688bac96bbfd,TriC
PROT_004856,bad8a03ec810,mexQ
PROT_004857,c242be367603,GES-1
PROT_004858,3286c6df42f1,mexM
PROT_004859,4a23d01201fe,cprS
PROT_004860,c32ddc0f75f1,ParR
PROT_004861,30143316199b,MuxB
PROT_004862,2454b2a3ed55,TriB
PROT_004863,607763509a8d,ParR
PROT_004864,c8d8f10a7b36,ParS
PROT_004865,05414d971013,mexN
PROT_004866,45b740045197,mexQ
PROT_004867,8bc2d5b354e7,ParS
PROT_004868,da484b2bfa8e,mexP
PROT_004869,679d0582ae71,mexQ
PROT_004870,e565f372542c,TriC
PROT_004871,c71acdf92d18,bcr-1
PROT_004872,6ac6970d72c2,ParS
PROT_004873,e5d88e5e7e59,MuxC
PROT_004874,6ff32dbc4352,MuxB
PROT_004875,1a68d3a113ab,cprS
PROT_004876,88b84e4cdaec,TriC
PROT_004877,f113f18eb2b0,opmE
PROT_004878,f6313dd23b17,mexQ
PROT_004879,4596966ac6b3,MuxC
PROT_004880,a0f74279f9f3,mexM
PROT_004881,79cb224506b1,Pseudomonas aeruginosa soxR
PROT_004882,d32be4b3f271,Pseudomonas aeruginosa catB7
PROT_004883,97995594f714,mexN
PROT_004884,3fb43127fb88,opmE
PROT_004885,4c4554623b57,mexQ
PROT_004886,416327cf6fea,mexP
PROT_004887,72f2c027b63e,MuxB
PROT_004888,6edfff66f655,ParS
PROT_004889,8e1a56040ee0,MuxC
PROT_004890,cfe952bfb9d8,bcr-1
PROT_004891,844ed8d9ed10,opmE
PROT_004892,086594e0bbac,TriB
PROT_004893,2bfa32350427,mexM
PROT_004894,7196dd4c88d9,sul1
PROT_004895,1af0c516e45b,MuxC
PROT_004896,f5a46e088a98,TriB
PROT_004897,66b0e96886cf,mexP
PROT_004898,e210487694a8,mexN
PROT_004899,0597f0d5389f,PmpM
PROT_004900,d608450e7d32,mexP
PROT_004901,b9ea701ce64e,cprS
PROT_004902,013e0620ed51,Pseudomonas aeruginosa ampR with mutation conferring resistance to aztreonam
PROT_004903,833b2f870fe9,adeF
PROT_004904,6e35497e1003,MuxB
PROT_004905,48e983190cb1,bcr-1
PROT_004906,0adcc83827db,MuxB
PROT_004907,2d1cb0d5338a,mexN
PROT_004908,343b78b836a1,Pseudomonas aeruginosa catB7
PROT_004909,4bdcbe9a06e6,adeF
PROT_004910,172f9008e2e5,basR
PROT_004911,abeb0a74ba46,MuxB
PROT_004912,31f50d1dad81,bcr-1
PROT_004913,20e7d570c301,ParS
PROT_004914,e728fa727fb0,Pseudomonas aeruginosa catB7
PROT_004915,fdf8b79775f2,Pseudomonas aeruginosa catB7
PROT_004916,f58c4509635f,mexQ
PROT_004917,ac03fadcd5bb,cprS
PROT_004918,7fd279b990d3,opmE
PROT_004919,d107c2d06b02,ParS
PROT_004920,bbf8b4ba0ca7,ParR
PROT_004921,584e469453a4,Pseudomonas aeruginosa catB7
PROT_004922,70a8f3c44838,mexN
PROT_004923,bb83e5ed7322,TriC
PROT_004924,0651e2b77757,TriA
PROT_004925,f4919a8bb103,ParS
PROT_004926,eb3242d60c07,MuxB
PROT_004927,e16c9ba6bf4f,mexQ
PROT_004928,07045682eb67,mexN
PROT_004929,1f3862601956,MuxB
PROT_004930,8b65ba83a9d4,mexQ
PROT_004931,1574acc524aa,Pseudomonas aeruginosa catB7
PROT_004932,57539770bcc8,vanH gene in vanB cluster
PROT_004933,e7092bea3431,mexN
PROT_004934,62b01aef370f,ParS
PROT_004935,ceca3f0debce,mexM
PROT_004936,2ed2be53c64f,qacG
PROT_004937,eba739a0f90c,adeF
PROT_004938,168f84ce60fd,aadA
PROT_004939,66a19ec4bf07,mexQ
PROT_004940,57a0163d8c9e,mexM
PROT_004941,6cbc5f0d495f,YajC
PROT_004942,b65a67e48562,ParR
PROT_004943,7a43e9962033,aadA
PROT_004944,1347fb3226f5,ParS
PROT_004945,cf76ac4cb110,vanW gene in vanG cluster
PROT_004946,fa569c86151e,cprS
PROT_004947,3d7973b6876d,MuxA
PROT_004948,f79d59569060,bcr-1
PROT_004949,64f08b349508,ArmR
PROT_004950,45923c7cffc0,TriA
PROT_004951,932c6ee8e37a,opmE
PROT_004952,06628436eede,mexQ
PROT_004953,7897b47ed45e,bcr-1
PROT_004954,bedcb7c0f643,TriA
PROT_004955,063be178beab,MuxB
PROT_004956,59caef06d524,MuxC
PROT_004957,b1c795138bbe,Pseudomonas aeruginosa catB7
PROT_004958,9e0c1f4adaf2,PmpM
PROT_004959,efe7b99a75f1,mexQ
PROT_004960,e50cab4e4cc4,mexM
PROT_004961,76a593ac8b17,MuxC
PROT_004962,4b2b97ae8fae,mexQ
PROT_004963,3cee7049f2fe,TriA
PROT_004964,b196232c9316,bcr-1
PROT_004965,1841eb1b6582,MuxC
PROT_004966,aa79491d01cc,Pseudomonas aeruginosa catB7
PROT_004967,9f3a3e8a0e37,ParS
PROT_004968,e7a0f58ae845,MuxC
PROT_004969,ced4b8e50992,mexP
PROT_004970,e63bcd37d221,ParS
PROT_004971,d090c9ee505a,Pseudomonas aeruginosa emrE
PROT_004972,e5e33f76515a,opmE
PROT_004973,06dd7f9356f7,mexM
PROT_004974,cda34a04215b,mexQ
PROT_004975,eadd1d4237a1,MuxB
PROT_004976,b539e2b85e3e,mexM
PROT_004977,5ad8999c59de,mexN
PROT_004978,e9e86b742813,opmE
PROT_004979,cf162f2d7090,TriA
PROT_004980,b6c5844b1688,mexQ
PROT_004981,495190cb061e,opmE
PROT_004982,7ca2c50a94a3,opmE
PROT_004983,eda8a0290d5e,MuxA
PROT_004984,79e00fac6ddf,ParR
PROT_004985,b5f8aa8104cd,mexN
PROT_004986,bf44afee1b3b,mexQ
PROT_004987,70ba28546c87,MuxC
PROT_004988,dd2ceba1f1d8,mexP
PROT_004989,ddb03b726b62,mexM
PROT_004990,7624130637c3,aadA
PROT_004991,5d7c44ea6560,bcr-1
PROT_004992,d1e69d43c5d6,TriC
PROT_004993,e12028bf7a9c,FIM-1
PROT_004994,dd5853a3837a,bcr-1
PROT_004995,f7539c875ef8,cprS
PROT_004996,0abf52d28840,mexM
PROT_004997,84b1e6510ab3,ParR
PROT_004998,b7a4e6bc9707,catB10
PROT_004999,61ea4c01ec40,adeF
PROT_005000,3ac4038566a3,ParS
PROT_005001,aeb1c5e4c7c9,TriB
PROT_005002,ac5ebc94bde1,mexN
PROT_005003,2a699c36b9b0,mexQ
PROT_005004,9077de4ad925,mexP
PROT_005005,a3fcd8368bd5,vanW gene in vanG cluster
PROT_005006,4727e06b6ded,aadA15
PROT_005007,2f66ecbf1d11,PER-1
PROT_005008,5d1cb21e3a7d,mexM
PROT_005009,6d11ce22ca93,opmE
PROT_005010,b68e403bff10,cprS
PROT_005011,8046fa9b0da2,TriC
PROT_005012,5b66c999fb2b,arr-7
PROT_005013,728aed33f196,mexM
PROT_005014,2fd5b6d4a95a,cmlA1
PROT_005015,0c557453954a,aadA
PROT_005016,179c7889eb24,qacG
PROT_005017,afceee689a9c,mexM
PROT_005018,2d7221ba3ac0,TriA
PROT_005019,1827e6ac28bf,MuxB
PROT_005020,b5be651030be,TriB
PROT_005021,6b3fd6a31717,mexQ
PROT_005022,fafb2ab4f641,opmE
PROT_005023,0b447ce79c25,mexN
PROT_005024,8afcfbcee79e,PmpM
PROT_005025,54e125d0d6ff,mexN
PROT_005026,0a5eaa2ea4c6,vanH gene in vanB cluster
PROT_005027,74f4ec56ecd9,basR
PROT_005028,6ca7148bccd7,adeF
PROT_005029,03dae113f64e,ParR
PROT_005030,f6e4f86333cf,mexM
PROT_005031,0622178da2b7,qacL
PROT_005032,1bbb487e3f82,adeF
PROT_005033,26e01f69ca3b,qacJ
PROT_005034,1868508e416d,ParR
PROT_005035,4197f635c4a7,mexQ
PROT_005036,15826537164a,opmE
PROT_005037,ef585408619a,vanH gene in vanB cluster
PROT_005038,b6a7f7bb492b,TriB
PROT_005039,621040122e6e,opmE
PROT_005040,50bbf8d6c00a,mexM
PROT_005041,abe10d1589e1,cprS
PROT_005042,c64612b5f0e1,TriC
PROT_005043,b73d05223cdc,TriB
PROT_005044,bf033e01be72,TriA
PROT_005045,652d52956478,ParR
PROT_005046,0454eb99353b,mexM
PROT_005047,427826513415,mexN
PROT_005048,1cde414f444e,bcr-1
PROT_005049,87aa4d8555ee,vanW gene in vanG cluster
PROT_005050,166c9be920bc,Pseudomonas aeruginosa CpxR
PROT_005051,4c8f56cdabab,Pseudomonas aeruginosa catB7
PROT_005052,74e2d118ccee,MuxC
PROT_005053,df5de8abea1d,MuxB
PROT_005054,40e57fa84ac4,MuxA
PROT_005055,5cc6ee066ec4,opmE
PROT_005056,a8eef1a94490,mexQ
PROT_005057,f56fef506402,ParS
PROT_005058,15db8367fcb0,Pseudomonas aeruginosa catB7
PROT_005059,9f1e2d8918aa,Pseudomonas aeruginosa CpxR
PROT_005060,fe8a0b9bf18a,vanH gene in vanB cluster
PROT_005061,dc334c527b65,mexP
PROT_005062,44fdd600ee57,opmE
PROT_005063,d62b776bb148,ParS
PROT_005064,828f07318641,TriC
PROT_005065,2da280bf6f7a,TEM-2
PROT_005066,47639d094286,ParS
PROT_005067,d950a2c62978,ParS
PROT_005068,43bf85f3a3f9,ParR
PROT_005069,04d387ab98be,MuxC
PROT_005070,bab8c10ad106,MuxA
PROT_005071,d5686ed837dc,Pseudomonas aeruginosa catB7
PROT_005072,1a05ce8cfa14,opmE
PROT_005073,3a6cf2a9270c,PmpM
PROT_005074,b799f62d4e37,mexM
PROT_005075,911e4e2ae94b,Pseudomonas aeruginosa ampR with mutation conferring resistance to aztreonam
PROT_005076,1fe9b830ce05,TriA
PROT_005077,0a3b6d767660,TriC
PROT_005078,1bdfafa2c40f,opmE
PROT_005079,6caaeb699707,MuxA
PROT_005080,c298aa76573f,MuxC
PROT_005081,44ccc5a7c9c5,Pseudomonas aeruginosa ampR with mutation conferring resistance to aztreonam
PROT_005082,70262c42a42f,vanH gene in vanB cluster
PROT_005083,b3ee37d655b0,mexM
PROT_005084,2d1ad1402e05,ParS
PROT_005085,302293a14413,ParR
PROT_005086,59fc93e1d3c7,TriC
PROT_005087,1780227157be,Pseudomonas aeruginosa catB7
PROT_005088,8d66f31cefdf,opmE
PROT_005089,5e93fcac10a2,mexQ
PROT_005090,a8eb17950fdc,bcr-1
PROT_005091,92c2f3bc6f10,TriB
PROT_005092,8e99879d44a4,MuxC
PROT_005093,55c0551e5e63,mexN
PROT_005094,f35b022e5fb4,mexM
PROT_005095,a698f9384928,MuxA
PROT_005096,c8572a95771a,TriB
PROT_005097,58245df355ea,TriC
PROT_005098,b08a68749987,bcr-1
PROT_005099,77280f5604e6,opmE
PROT_005100,6797b257ed5d,MuxA
PROT_005101,5abb82b49bb5,adeF
PROT_005102,3cb9e59509a4,mexM
PROT_005103,faef8e92bd22,TriA
PROT_005104,cf6cb240be88,TriC
PROT_005105,f2dbf7a31973,vanH gene in vanB cluster
PROT_005106,7fe112c319d4,mexM
PROT_005107,71830db4e9a4,mexN
PROT_005108,9d0d04f68e83,ParR
PROT_005109,18cf715070ea,TriA
PROT_005110,8b3d00b79917,MuxA
PROT_005111,ebdadd83dc9f,TriB
PROT_005112,c6a908e6b5ec,MuxA
PROT_005113,ca7f24c8d79b,ParS
PROT_005114,d67be3b02e72,opmE
PROT_005115,2e24d0afad40,cprS
PROT_005116,d5d1a6dc5bcf,adeF
PROT_005117,f62ec52f8219,MuxC
PROT_005118,65f9975e7d6c,mexN
PROT_005119,189721eddbcb,Pseudomonas aeruginosa catB7
PROT_005120,cfde657a76fc,ParS
PROT_005121,f9ea3838608f,TriC
PROT_005122,45d3ed134a85,mexP
PROT_005123,7230dcbca7dc,MuxA
PROT_005124,a03abe7aa05a,adeF
PROT_005125,943234ab9e11,ParS
PROT_005126,5a024135d962,mexP
PROT_005127,3eb396f1acbf,opmE
PROT_005128,094e5942a8d7,ParS
PROT_005129,ed33ace05a9b,ParR
PROT_005130,1f54026f6304,TriA
PROT_005131,97d4424f2dbb,vanW gene in vanG cluster
PROT_005132,5f43f8705b10,mexQ
PROT_005133,c2f8f8e1ce0d,mexN
PROT_005134,c87ab2776fe2,mexM
PROT_005135,f5a3ddca0fdd,Pseudomonas aeruginosa catB7
PROT_005136,93cb553d8a9e,ParR
PROT_005137,3f7f7f9af51b,TriA
PROT_005138,51ba4820816f,bcr-1
PROT_005139,7e0622dabe9c,MuxA
PROT_005140,ff7712155a5b,Pseudomonas aeruginosa soxR
PROT_005141,2898a702f32c,ParR
PROT_005142,ba5b4684c9cd,ParS
PROT_005143,fcafc3efbe22,Pseudomonas aeruginosa catB7
PROT_005144,744aaf4d415c,aadA
PROT_005145,607308ec0cb9,GES-32
PROT_005146,42e51de69b8e,ArmR
PROT_005147,6ae30defffc7,BLMT
PROT_005148,1c98c6458a16,ParR
PROT_005149,bc85c9505841,qacL
PROT_005150,8b62d3b4fc92,mexN
PROT_005151,adbdb276a236,ParS
PROT_005152,b5389ad5cee0,catA1
PROT_005153,6b8cf4366b4e,MuxA
PROT_005154,2058eec78f19,TriB
PROT_005155,f24e778c77d9,aadA
PROT_005156,8872c887f432,ParS
PROT_005157,c27349b8a833,qacL
PROT_005158,ebc33c4a1b0c,mexQ
PROT_005159,b10d98d47d5d,ArmR
PROT_005160,155f7bf8ce65,mexM
PROT_005161,cf17796b0923,ParR
PROT_005162,e4770262c24c,MuxB
PROT_005163,9295e4efde6a,MuxC
PROT_005164,0517176eb565,opmE
PROT_005165,374e91b88dbf,MuxC
PROT_005166,477a93c86fe3,MuxA
PROT_005167,e8740ebe0422,mexQ
PROT_005168,5a633b976a4c,opmE
PROT_005169,e528cda2967d,cmlA6
PROT_005170,cd70f430a96e,aadA2
PROT_005171,d738355da5df,VEB-3
PROT_005172,fe550068eb8f,rmtB
PROT_005173,1367e103fd44,opmE
PROT_005174,1ef1b11f54be,GES-5
PROT_005175,75603bc17dcd,tet(A)
PROT_005176,65e7a68086a2,adeF
PROT_005177,a32dc35a8597,bcr-1
PROT_005178,f73847ea7cc3,mexP
PROT_005179,bb4a3da23cd9,Pseudomonas aeruginosa emrE
PROT_005180,ab5187efa6d9,Pseudomonas aeruginosa catB7
PROT_005181,953940c6f832,MuxA
PROT_005182,cd653825be2a,TriA
PROT_005183,0b1fd1b8e710,vanH gene in vanB cluster
PROT_005184,265bcdd2632c,rsmA
PROT_005185,7d03f65153a8,PmpM
PROT_005186,45e31e42bcad,mexQ
PROT_005187,dc88d9a43d5b,mexP
PROT_005188,51755e8f91ca,cprS
PROT_005189,bb3dcfc6c40c,aadA6/aadA10
PROT_005190,9fd72249e6b9,Pseudomonas aeruginosa catB7
PROT_005191,1eb3e86031eb,opmE
PROT_005192,5ecafc090c73,ParR
PROT_005193,672520f22a39,ParR
PROT_005194,3a517e4dbab4,qacEdelta1
PROT_005195,c88f4ac18307,ParS
PROT_005196,bb4334f2ce07,mexQ
PROT_005197,86c26e3245c9,opmE
PROT_005198,77e89a109c4b,mexM
PROT_005199,4b4c336f6fe6,MuxB
PROT_005200,78d08fcee75e,mexN
PROT_005201,2e969ce88e61,catB2
PROT_005202,2ab91aaa2025,Pseudomonas aeruginosa catB7
PROT_005203,a1a951f786b0,vanW gene in vanG cluster
PROT_005204,58c128e46671,vanH gene in vanB cluster
PROT_005205,c532294e4744,mexQ
PROT_005206,64c063e94d3e,ParS
PROT_005207,7b75da631930,mexM
PROT_005208,b6b01bb5602f,Pseudomonas aeruginosa catB7
PROT_005209,5a34b7f41ab9,mexM
PROT_005210,948d3d82a64e,opmE
PROT_005211,05f1bc479f93,MuxB
PROT_005212,81cbfa438af1,MuxA
PROT_005213,e21e512b7bfd,bcr-1
PROT_005214,377a63a444cc,TriB
PROT_005215,d06290609ba2,MuxA
PROT_005216,330961cd8013,MuxB
PROT_005217,83616e290dc0,MuxC
PROT_005218,f60b175f27ea,Pseudomonas aeruginosa catB7
PROT_005219,1fef4564c94e,mexN
PROT_005220,55c94069dd43,vanH gene in vanB cluster
PROT_005221,0e3e15757310,basR
PROT_005222,b04a374ae1de,MuxA
PROT_005223,2e1fcda0bec4,mexQ
PROT_005224,6b25e20c0d3d,opmE
PROT_005225,b1fced6e3f92,mexN
PROT_005226,fb06629c4fab,MuxA
PROT_005227,6af0246df577,TriA
PROT_005228,1fafb4dbcefd,cprS
PROT_005229,7e0a7b61d8bf,ParR
PROT_005230,23f960231a5a,mexN
PROT_005231,0be639076b6a,adeF
PROT_005232,327e61fd8c56,opmE
PROT_005233,e94fb41c3836,adeF
PROT_005234,222619fdb376,adeF
PROT_005235,d395af365e1a,YajC
PROT_005236,ee297e89ae56,opmE
PROT_005237,1038ae0b6fc5,MuxB
PROT_005238,1d105ae10342,PmpM
PROT_005239,aaeb1cc074b7,mexM
PROT_005240,709464bc98a4,MuxA
PROT_005241,3000c8498747,MuxA
PROT_005242,ebb6757dbb55,MuxB
PROT_005243,b0f38d5abedc,MuxA
PROT_005244,5f9665626c82,opmE
PROT_005245,7662e2b22fec,MuxA
PROT_005246,f19c0a729c82,basR
PROT_005247,90b37fd04e83,MuxA
PROT_005248,8f128e49e509,ParS
PROT_005249,b84c85581c30,adeF
PROT_005250,ff027cf741db,adeF
PROT_005251,910ce75b71d9,basR
PROT_005252,282eaa4397a2,MuxA
PROT_005253,0ba14bfb8061,MuxA
PROT_005254,7d27e06654f2,MuxA
PROT_005255,5c8197c062b1,MuxA
PROT_005256,a2b8b9cfdcb5,MuxA
PROT_005257,23efd2afeb4d,mexN
PROT_005258,01ebe3465ef3,vanH gene in vanB cluster
PROT_005259,38673816e10d,ParR
PROT_005260,caabdf8c9e13,bcr-1
PROT_005261,69ec7389f6e1,mexQ
PROT_005262,4b263ef539d3,opmE
PROT_005263,7399f909b7ff,TriB
PROT_005264,d3db5c9a3272,MuxA
PROT_005265,72d129585540,MuxB
PROT_005266,ad8c7724a153,mexN
PROT_005267,ba392f7451bc,vanH gene in vanB cluster
PROT_005268,f02a3b4c1464,PmpM
PROT_005269,b442c5b06e21,opmE
PROT_005270,9aabc2ef46cf,PmpM
PROT_005271,e7308d6c0b5b,basR
PROT_005272,19b93acddf6e,ParR
PROT_005273,efb91287e0ed,opmE
PROT_005274,9db18f96a0fd,MuxA
PROT_005275,1c8385a407bc,adeF
PROT_005276,9b555bf2e3dc,Pseudomonas aeruginosa ampR with mutation conferring resistance to aztreonam
PROT_005277,845484d13e4f,cprS
PROT_005278,7a04f00f7cfc,MuxA
PROT_005279,dbf6672a1ec9,rsmA
PROT_005280,8f551f59ce3e,ParS
PROT_005281,eccc2ac0da2d,MuxA
PROT_005282,ba8780b3268c,Pseudomonas aeruginosa CpxR
PROT_005283,360353a3ac6f,mexQ
PROT_005284,3b34d59ef585,mexN
PROT_005285,dbb33470b2dd,bcr-1
PROT_005286,22f594e75d51,Pseudomonas aeruginosa catB7
PROT_005287,d489ae5de0da,TriA
PROT_005288,59772600674c,cprS
PROT_005289,eaacaad429ed,ParS
PROT_005290,80706d4667e3,opmE
PROT_005291,373d56f7fde7,mexP
PROT_005292,12302b0819db,opmE
PROT_005293,10ed6b9142d0,ParS
PROT_005294,200a3f25998d,dfrB1
PROT_005295,a6c03f98ed47,ParS
PROT_005296,ec847790f98f,aadA11
PROT_005297,f51f4c442e38,MuxA
PROT_005298,09c725980397,opmE
PROT_005299,3150d7d4d325,tet(A)
PROT_005300,d03accc8f775,cprS
PROT_005301,d9b09ec20fa1,mexM
PROT_005302,9bf5c2300c11,ParR
PROT_005303,3979e134caa9,vanH gene in vanB cluster
PROT_005304,043b4051d5e5,bcr-1
PROT_005305,e32c8661d15e,basR
PROT_005306,489c4b974b8b,GES-19
PROT_005307,cacb5366940b,mexQ
PROT_005308,19ea888d9270,opmE
PROT_005309,7fd1d68c94a0,ParS
PROT_005310,d25be6852b93,ParS
PROT_005311,6a9d74d32837,ParS
PROT_005312,6402377c89d6,mexM
PROT_005313,964745ba9cc6,opmE
PROT_005314,e3f000195a8d,bcr-1
PROT_005315,96f61a229f69,mexQ
PROT_005316,f5ff28639ffb,qacJ
PROT_005317,771447b4d455,PC1
PROT_005318,84f07aca4356,mexP
PROT_005319,163a32d7314f,mdeA
PROT_005320,bfb89bbf33b9,tet(A)
PROT_005321,c63a1681de92,vanW gene in vanG cluster
PROT_005322,d002ac67ea68,MuxC
PROT_005323,a2cc738d2ba9,mexP
PROT_005324,85a84b509031,ArmR
PROT_005325,4d49f600e762,bcr-1
PROT_005326,7c3c6dc27e02,TriB
PROT_005327,6c4ed6a5d7c8,TriA
PROT_005328,1174724de2dc,TriB
PROT_005329,08fcf509f66a,PmpM
PROT_005330,1c5a2f6758ae,vanW gene in vanG cluster
PROT_005331,cab842a54701,mexP
PROT_005332,1c660b4d317b,cprS
PROT_005333,d48d4701ffaf,MuxB
PROT_005334,94924ebc5074,mexM
PROT_005335,b9b716a14821,PmpM
PROT_005336,ee9f5f1a2597,Pseudomonas aeruginosa catB7
PROT_005337,b42ea7730251,TriB
PROT_005338,4ed5a2d1e0a4,MuxB
PROT_005339,0f538b11c027,Pseudomonas aeruginosa catB7
PROT_005340,7fb80d96ae7f,mexQ
PROT_005341,12c0fafe53df,ParS
PROT_005342,272b40fdf832,MuxC
PROT_005343,a31843d1095b,TriC
PROT_005344,58f740d2ea21,ParS
PROT_005345,62f133279352,MuxA
PROT_005346,87aa409c151e,mexP
PROT_005347,735b2ac9564f,MuxA
PROT_005348,f92ec141908c,adeF
PROT_005349,92e9f2048fe6,MuxA
PROT_005350,3c90468dd895,MuxB
PROT_005351,e774b9c6f3a6,MuxC
PROT_005352,c1e4d98ae1b6,MuxA
PROT_005353,3148cc0a0e39,opmE
PROT_005354,d28241f64b94,cprS
PROT_005355,0a847eafffe3,bcr-1
PROT_005356,5f834e830ab3,vanW gene in vanG cluster
PROT_005357,4a883f11086e,TriC
PROT_005358,2160c0062278,mexN
PROT_005359,759701b5c074,MuxB
PROT_005360,c289c7f5c501,mexN
PROT_005361,b90ceda0c9d1,mexM
PROT_005362,9caf058d3db1,opmE
PROT_005363,3d9b16a33710,TriA
PROT_005364,d3d1137973c8,TriB
PROT_005365,a6b2d6ccca6b,MuxA
PROT_005366,a8697b0b3820,GES-7
PROT_005367,ac05fbe90c1b,cprS
PROT_005368,2a2e034b6180,PmpM
PROT_005369,39b714486319,mexM
PROT_005370,70464b1e60d6,opmE
PROT_005371,6104fc2607b3,vanW gene in vanG cluster
PROT_005372,73815efe43b5,vanH gene in vanB cluster
PROT_005373,2ab249f3a651,adeF
PROT_005374,f7fe8334630c,cprS
PROT_005375,719dc855c20f,TriB
PROT_005376,20a5856be086,rmtF
PROT_005377,f4f5ce1a5c45,GES-9
PROT_005378,e75d9ebc7a6b,adeF
PROT_005379,ac225d205475,mexP
PROT_005380,0e8d1f7c15fa,mexM
PROT_005381,b34cb15913f9,Pseudomonas aeruginosa CpxR
PROT_005382,486438b6a20c,basR
PROT_005383,8de2c23afb68,mexN
PROT_005384,27a748668dd0,vanH gene in vanB cluster
PROT_005385,3f22da2d382b,Pseudomonas aeruginosa catB7
PROT_005386,b7dcafb22996,adeF
PROT_005387,68190ab7b7ec,opmE
PROT_005388,b202272153f6,ParR
PROT_005389,eff7237c7050,ParS
PROT_005390,a7be680b7306,TriA
PROT_005391,9bf31034a970,mexQ
PROT_005392,a1006a704abb,ParR
PROT_005393,113ad63aa361,bcr-1
PROT_005394,cb1ebbede653,Pseudomonas aeruginosa emrE
PROT_005395,81b5d1713eff,mexP
PROT_005396,93b4eb66604a,ParS
PROT_005397,5674440023eb,Pseudomonas aeruginosa catB7
PROT_005398,ec0fd5a0d51d,ParS
PROT_005399,219e1079d474,mexN
PROT_005400,1a170949cf3e,cprS
PROT_005401,b28748960ccc,MuxC
PROT_005402,b8e70f104a7a,MuxB
PROT_005403,20171aba935a,mexQ
PROT_005404,d40bd79b4794,bcr-1
PROT_005405,b3cf56322a11,PmpM
PROT_005406,3cfe98b77eb5,mexP
PROT_005407,88f58ca09028,mexQ
PROT_005408,01e84a6a0b98,opmE
PROT_005409,9908101ddf6d,TriC
PROT_005410,baff187f7af4,rsmA
PROT_005411,cd0ca329a2c6,MuxA
PROT_005412,b30e6130a183,mexM
PROT_005413,e5ac0d5c6170,bcr-1
PROT_005414,e3a719d2fec4,mexN
PROT_005415,027b144c5c74,TriB
PROT_005416,b44373f82bd7,mexP
PROT_005417,e0bab617e3d9,TriC
PROT_005418,9a18214e3de5,basR
PROT_005419,ab07f5c9579d,ArmR
PROT_005420,a217957d0895,mexQ
PROT_005421,a16c390283d5,mexN
PROT_005422,27fbc46e8faf,mexP
PROT_005423,7d7027c00fba,MuxB
PROT_005424,7581ffb4a57c,ParS
PROT_005425,91bb2f631790,bcr-1
PROT_005426,263237c3ca15,mexQ
PROT_005427,e1a37138ef7a,cprS
PROT_005428,8ca535cc312a,TriC
PROT_005429,cb80388ef27d,opmE
PROT_005430,074cd97c5b46,MuxB
PROT_005431,08a712967daa,bcr-1
PROT_005432,c28e54c45a76,TriC
PROT_005433,7fb1025e1795,Pseudomonas aeruginosa soxR
PROT_005434,59b910c5a2eb,vanW gene in vanG cluster
PROT_005435,d95d270795a6,ParR
PROT_005436,7e9717643642,TriC
PROT_005437,29bedae010ed,TriB
PROT_005438,b1b41256c2f4,MuxB
PROT_005439,446f541cfc37,mexN
PROT_005440,b756152971cf,bcr-1
PROT_005441,b4c9185b294b,Pseudomonas aeruginosa emrE
PROT_005442,44eb356e9a29,OprA
PROT_005443,488670674660,adeF
PROT_005444,1f89a092ed4d,PmpM
PROT_005445,7122b29528b0,ParS
PROT_005446,c421110324bc,mexP
PROT_005447,69d36e05e7fd,aadA6
PROT_005448,f80023f98af0,ParS
PROT_005449,9623e3930629,vanH gene in vanB cluster
PROT_005450,71e47d66beec,bcr-1
PROT_005451,9f7303c5f7fd,mexN
PROT_005452,0d89f0282bd8,TriC
PROT_005453,04239817e9a3,TriB
PROT_005454,4eea1fe8c2bf,ParS
PROT_005455,2b7921958f0e,Pseudomonas aeruginosa catB7
PROT_005456,10e67b41911b,mexQ
PROT_005457,db3346f0c041,Pseudomonas aeruginosa CpxR
PROT_005458,38f5b0460bed,mexQ
PROT_005459,31997cffe216,ParS
PROT_005460,d40afa6f73f1,TriB
PROT_005461,de9bacd9cd8b,mexN
PROT_005462,a8b60272bf6a,MuxA
PROT_005463,be29180ebd5a,MuxB
PROT_005464,5d1b61216ccd,MuxC
PROT_005465,5c72844f1ef5,vanW gene in vanG cluster
PROT_005466,9cd6c85a9950,mexN
PROT_005467,cd50eadf58a9,ParS
PROT_005468,752151d301c3,Pseudomonas aeruginosa emrE
PROT_005469,4113eafb5b6f,PmpM
PROT_005470,60193caa61a5,mexM
PROT_005471,c8b63422e988,mexN
PROT_005472,ef547e729f68,opmE
PROT_005473,294406fcd3b8,PmpM
PROT_005474,c7d39a1a9bbd,TriC
PROT_005475,0a408c399201,mexP
PROT_005476,0a637ae3438a,opmE
PROT_005477,abf5a64925b2,PmpM
PROT_005478,be5f325a2317,TriC
PROT_005479,83254cf9da95,MuxC
PROT_005480,c4e87282cb20,mexM
PROT_005481,aab9e72d362c,mexQ
PROT_005482,d94175303634,Pseudomonas aeruginosa soxR
PROT_005483,0b06ef431c6e,opmE
PROT_005484,113632287ce6,cprS
PROT_005485,f8bae1915815,Pseudomonas aeruginosa catB7
PROT_005486,14e23ace70b4,vanW gene in vanG cluster
PROT_005487,dc5a71fd4a4e,MuxA
PROT_005488,1dfcc71c587d,mexN
PROT_005489,6a27b81c3003,opmE
PROT_005490,5c22045c9dc8,TriA
PROT_005491,d2b5e36d7532,cprS
PROT_005492,27208df79397,mexQ
PROT_005493,b991ee70194f,ParR
PROT_005494,d39bfa67f2ec,vanW gene in vanG cluster
PROT_005495,a3d3ec3b3490,MuxC
PROT_005496,8e65845b566e,MuxA
PROT_005497,d772dd30581c,mexQ
PROT_005498,8a157b8f58b0,MuxC
PROT_005499,a0150d26fe28,MuxB
PROT_005500,275a07cac9df,tet(G)
PROT_005501,12187cda4316,mexQ
PROT_005502,910f354fc75e,ParS
PROT_005503,9e575807839f,Pseudomonas aeruginosa catB7
PROT_005504,b8f6065d7c2d,PmpM
PROT_005505,ff82e1968dea,Pseudomonas aeruginosa emrE
PROT_005506,c5814d1cc234,vanW gene in vanG cluster
PROT_005507,5ed80fdca479,TriC
PROT_005508,964ec72ebedc,opmE
PROT_005509,d11e9740d75e,mexP
PROT_005510,b382dadd1b10,bcr-1
PROT_005511,1074f082a673,cprS
PROT_005512,54cf0752bdde,mexQ
PROT_005513,0ec32cddaa6c,ParS
PROT_005514,fec54d606854,mexQ
PROT_005515,80329016123a,mexM
PROT_005516,18916c8539d5,mexN
PROT_005517,4e194c886db9,adeF
PROT_005518,dbc3ea8fedb6,mexQ
PROT_005519,d4b27fda6e6d,opmE
PROT_005520,7d6f01df16f4,mexQ
PROT_005521,578fa72fb10a,ParS
PROT_005522,22cf32cf81d0,adeF
PROT_005523,f7ff4baa01cc,vanH gene in vanB cluster
PROT_005524,00bfba23dcd8,bcr-1
PROT_005525,35c35f3f6b10,mexM
PROT_005526,37d2412c464a,MuxB
PROT_005527,3f99211a9760,adeF
PROT_005528,fc9919b600af,mexQ
PROT_005529,d2b1c6121361,opmE
PROT_005530,25dca448516a,TriC
PROT_005531,cdf3c21a3309,TriC
PROT_005532,5a77f298b30c,ParS
PROT_005533,beff3572a522,ParR
PROT_005534,e962580de24c,mexM
PROT_005535,13c4d6c25f19,MuxB
PROT_005536,4649f3a04bdc,mexQ
PROT_005537,9e60a94ac7a2,vanW gene in vanG cluster
PROT_005538,1d9bc37fdb12,TriC
PROT_005539,359226731f59,TriB
PROT_005540,4af785418a7a,opmE
PROT_005541,6923a4eb85c4,mexQ
PROT_005542,b9fd2e7873c8,mexP
PROT_005543,718614320d9a,PmpM
PROT_005544,f53043d98f0f,cprS
PROT_005545,ba2f8052266e,mexQ
PROT_005546,339b3631e41a,opmE
PROT_005547,6b67c6b70479,Pseudomonas aeruginosa catB7
PROT_005548,786b49094ea3,MuxB
PROT_005549,9262dd3ac228,MuxC
PROT_005550,bcd8738e6a05,mexM
PROT_005551,4c1969c5ac58,ParR
PROT_005552,4486fa368a2a,ParS
PROT_005553,5665d6702f97,mexQ
PROT_005554,6a32e6c35f04,adeF
PROT_005555,58d51d12c887,cprS
PROT_005556,42cd741b4240,Pseudomonas aeruginosa catB7
PROT_005557,aa7bfb2947aa,PmpM
PROT_005558,93ac8700f90a,MuxC
PROT_005559,5b1584141430,YajC
PROT_005560,21e1f2f2635c,ParS
PROT_005561,e991097e10cc,mexN
PROT_005562,afb9c54f8b3a,mexM
PROT_005563,0d28c959a9ba,ParS
PROT_005564,a99c344f3624,TriA
PROT_005565,11e37ac6e16a,ParR
PROT_005566,a200a3873247,mexQ
PROT_005567,5faca1bd85a4,mexP
PROT_005568,70b9563133d1,cprS
PROT_005569,01d4d0f2eae3,MuxA
PROT_005570,7218b91411ba,ParS
PROT_005571,8e6d2285ee6a,vanW gene in vanG cluster
PROT_005572,bcb566b2dd91,ParS
PROT_005573,a92c84b46296,mexQ
PROT_005574,52fe92aff9ee,ParS
PROT_005575,763ccecf8195,Pseudomonas aeruginosa CpxR
PROT_005576,da6b63e476d8,Pseudomonas aeruginosa emrE
PROT_005577,0dbab77cbb06,ParR
PROT_005578,620fe9ee9896,ParR
PROT_005579,bfe4968bcfd6,qacJ
PROT_005580,c5fb927cd1f5,qacG
PROT_005581,56e2808054cb,MuxC
PROT_005582,acc962980c4e,cprS
PROT_005583,05090c3306f7,TriC
PROT_005584,b53df1e8b59f,TriB
PROT_005585,ab198af4e816,MuxC
PROT_005586,c05649d8f5f0,MuxB
PROT_005587,9cf5c65692ba,MuxA
PROT_005588,cf514b815bd8,ParS
PROT_005589,1042b1471454,rsmA
PROT_005590,bc953e20d766,TriC
PROT_005591,d42f14947bc5,mexP
PROT_005592,41a2be2fe734,MuxA
PROT_005593,ff00bde63358,bcr-1
PROT_005594,7d91cbcf2ef1,qacJ
PROT_005595,25f0bf93087d,mexM
PROT_005596,8a73d95805aa,MuxC
PROT_005597,b6a266c432d3,Pseudomonas aeruginosa soxR
PROT_005598,dd468803c3fd,Pseudomonas aeruginosa catB7
PROT_005599,a416f5380277,mexM
PROT_005600,6cadb61b085c,mexN
PROT_005601,580afaad1308,ArmR
PROT_005602,b90382eb7765,TriC
PROT_005603,10a933be85e1,MuxB
PROT_005604,dbf664a737ac,ParS
PROT_005605,132aca4b0584,MuxC
PROT_005606,8c6c686614c2,MuxB
PROT_005607,fec004756356,ParR
PROT_005608,d1bb5750c017,bcr-1
PROT_005609,720ade6ab5e6,LCR-1
PROT_005610,4c1736301c34,vanH gene in vanB cluster
PROT_005611,57c56568893c,mexP
PROT_005612,c6fd9ba289e5,PmpM
PROT_005613,cebfb54b56c8,bcr-1
PROT_005614,037aba0bee30,opmE
PROT_005615,3cc4ba65b255,bcr-1
PROT_005616,c01377fe7a98,mexQ
PROT_005617,400a1c34a07b,dfrA16
PROT_005618,b24d6deae52b,SHV-2A
PROT_005619,1db5300ad980,mexM
PROT_005620,6b12f2ada6b1,mexQ
PROT_005621,e54e5012088f,bcr-1
PROT_005622,0116807dc99c,rsmA
PROT_005623,33bb0dfcb4d5,Pseudomonas aeruginosa soxR
PROT_005624,a64738dad1be,cmlA5
PROT_005625,46bed706c8b1,aadA25
PROT_005626,f1441def9102,adeF
PROT_005627,c81cb8703df5,ParR
PROT_005628,1ae84ce337fe,mexP
PROT_005629,1fe170cd7e80,mexQ
PROT_005630,6be002eb065a,MuxB
PROT_005631,672af27568bf,mexQ
PROT_005632,80bd21c9dfe9,mexM
PROT_005633,bf0f84935395,mexQ
PROT_005634,0c1109b4b3ec,Pseudomonas aeruginosa catB7
PROT_005635,b4dd8fc252e1,mexQ
PROT_005636,c4d7dbd33c6f,opmE
PROT_005637,b074957748e4,cprS
PROT_005638,e8c84de63fb9,TriC
PROT_005639,754fa399e79e,TriB
PROT_005640,41557b010724,bcr-1
PROT_005641,80818509683c,ParS
PROT_005642,2c240abda797,vanW gene in vanG cluster
PROT_005643,5e72f02eb9a2,Pseudomonas aeruginosa emrE
PROT_005644,497ae4b5138d,bcr-1
PROT_005645,b36593943124,opmE
PROT_005646,f478d82960eb,mexM
PROT_005647,01930e1ac68d,TriA
PROT_005648,ee8941fd2912,mexQ
PROT_005649,d48f696524d9,mexM
PROT_005650,afc0c234e05c,bcr-1
PROT_005651,43f4c12bf5a6,basR
PROT_005652,baed7542e718,opmE
PROT_005653,dc6b499d183c,mexP
PROT_005654,07f8035612a1,mexM
PROT_005655,191222339c76,TriA
PROT_005656,ab569e8c78e7,mexN
PROT_005657,25e713e9f1af,MuxB
PROT_005658,34568c4c2055,cprS
PROT_005659,f3701604a6ad,ParS
PROT_005660,ec11a1dcfcb6,PmpM
PROT_005661,70943be5d85a,mexN
PROT_005662,ce7aac83db21,MuxB
PROT_005663,edfca7dd65f1,cprS
PROT_005664,6bc58e10aacf,Pseudomonas aeruginosa emrE
PROT_005665,872a5b55ec52,mexM
PROT_005666,7262d4923732,ParS
PROT_005667,aae57343d7d6,TriC
PROT_005668,83f024f51091,adeF
PROT_005669,07214b161843,mexM
PROT_005670,730115dccc3b,bcr-1
PROT_005671,03daf4e0df44,mexN
PROT_005672,f4fe098ddd10,vanW gene in vanG cluster
PROT_005673,397c98cf2a1a,cprS
PROT_005674,7939b78809ac,mexQ
PROT_005675,b46daf7a1d0e,vanW gene in vanG cluster
PROT_005676,399acf70ce0e,TriB
PROT_005677,9bb269139830,opmE
PROT_005678,de642939c8e9,vanH gene in vanB cluster
PROT_005679,039d2a28d954,TriC
PROT_005680,d20f27804e42,cprS
PROT_005681,897abd973f84,MuxB
PROT_005682,3b05541eb1d7,PmpM
PROT_005683,0e773703d078,mexN
PROT_005684,8669beb92f59,adeF
PROT_005685,1d1d17a0d555,MuxC
PROT_005686,382bab3f2175,bcr-1
PROT_005687,d1e49f86929e,ParS
PROT_005688,9b233ed72970,MuxC
PROT_005689,b77c45e5813e,bcr-1
PROT_005690,aa088a743f07,adeF
PROT_005691,0f52fcf48f1c,PmpM
PROT_005692,1836861fca8a,MuxB
PROT_005693,065b1aff2fd5,Pseudomonas aeruginosa catB7
PROT_005694,9468f3a658a6,vanH gene in vanB cluster
PROT_005695,e5a31973e738,mexP
PROT_005696,716535c94184,opmE
PROT_005697,846c2f8b388b,opmE
PROT_005698,8a9744a97ba4,Pseudomonas aeruginosa soxR
PROT_005699,7cae02e39be3,cprS
PROT_005700,66bfc5deefd8,ParR
PROT_005701,8a0a828d3d6e,vanH gene in vanB cluster
PROT_005702,05a277a62fbf,opmE
PROT_005703,bf16369ba116,mexP
PROT_005704,2e0b017d1dc1,opmE
PROT_005705,0bb540f7c9c9,vanW gene in vanG cluster
PROT_005706,bfe2c0b81d69,mexN
PROT_005707,fd33e047093e,MuxC
PROT_005708,f96bc7a94380,cprS
PROT_005709,f2cf6d43256f,mexP
PROT_005710,800a315222e8,bcr-1
PROT_005711,0d45c6697487,TriC
PROT_005712,0b7327bc58b1,rmtF
PROT_005713,193318e478a9,vanW gene in vanG cluster
PROT_005714,639c20ae3ca2,ParS
PROT_005715,172ab007804c,ParS
PROT_005716,425159ccfba1,bcr-1
PROT_005717,91d5aedb251d,Pseudomonas aeruginosa emrE
PROT_005718,b11cc5a98d8b,Pseudomonas aeruginosa soxR
PROT_005719,a9ab64287e53,opmE
PROT_005720,d024829b39b2,TriB
PROT_005721,bfcc8639cd37,mexQ
PROT_005722,b857f2bfa69b,ParS
PROT_005723,d3d7ebbb9015,opmE
PROT_005724,1be2945d8425,ParS
PROT_005725,3411de59b80a,opmE
PROT_005726,d318d7793b97,vanH gene in vanB cluster
PROT_005727,6e4f8f425b2f,MuxA
PROT_005728,0457a1538abe,ParS
PROT_005729,c4017d471fff,mexN
PROT_005730,133951d040fa,aadA6
PROT_005731,2ebc68f21329,aadA6
PROT_005732,818631534757,ParS
PROT_005733,65beea40ea82,MuxA
PROT_005734,b88151e6ee4c,cprS
PROT_005735,6af81e67d0aa,mexN
PROT_005736,a1dbeeb9029d,aadA6
PROT_005737,10ea5b18db32,mexP
PROT_005738,a6e724f54362,mexM
PROT_005739,198654245194,TriC
PROT_005740,9f1998ff3162,ParS
PROT_005741,ad99603fee9f,vanW gene in vanG cluster
PROT_005742,661ee3df0ab8,Pseudomonas aeruginosa CpxR
PROT_005743,e0321f3b0baf,mexN
PROT_005744,834193f02052,MuxC
PROT_005745,e72b26a52a6d,ParS
PROT_005746,5113d9a81984,bcr-1
PROT_005747,e17a2c11fc1d,vanW gene in vanG cluster
PROT_005748,fdd2cb979b9b,cprS
PROT_005749,3aeeb99ce398,Pseudomonas aeruginosa catB7
PROT_005750,b9d55878e2fd,cmlA4
PROT_005751,6c6680c69885,MuxA
PROT_005752,5f3d28d16a4f,MuxC
PROT_005753,d55b7a753d87,ParS
PROT_005754,692dc1aeb25a,Pseudomonas aeruginosa catB7
PROT_005755,8d16166388d6,cprS
PROT_005756,1b4f08975c00,Pseudomonas aeruginosa emrE
PROT_005757,62098503084a,MuxC
PROT_005758,1c156c49eddf,GES-6
PROT_005759,ce1f773b066f,arr-3
PROT_005760,95c121aeba80,opmE
PROT_005761,fa0158852584,QnrS2
PROT_005762,2a87881fe833,mexM
PROT_005763,99c3ba751940,opmE
PROT_005764,f482c2551dd8,PmpM
PROT_005765,54cbb9e07817,mexM
PROT_005766,2ba61d4ffcd9,ParR
PROT_005767,da9695925274,ParS
PROT_005768,b6d9fb3dd5a9,EreA
PROT_005769,fd43806d2e60,floR
PROT_005770,2d285df7fa40,mexM
PROT_005771,3e15edcaa785,PmpM
PROT_005772,3da7d5afa141,opmE
PROT_005773,95cc0ad5e622,mexQ
PROT_005774,434fda252000,TriC
PROT_005775,5aa1da850b03,TriA
PROT_005776,7ff3374e87fc,bcr-1
PROT_005777,7cf4c6ce40fe,TriA
PROT_005778,491038155561,mexQ
PROT_005779,d8e0781d4b1f,MuxC
PROT_005780,1dff39ce85bf,mexM
PROT_005781,7079f0a29ed6,Pseudomonas aeruginosa catB7
PROT_005782,7e841d4da388,cmlB
PROT_005783,3413da7f41b6,vanW gene in vanG cluster
PROT_005784,4d8850e82368,opmE
PROT_005785,795e200905b2,mexN
PROT_005786,6edab60fc39a,rsmA
PROT_005787,5f2adcb5748a,mexM
PROT_005788,0e60d345dfeb,cprS
PROT_005789,a1fa8804a0fb,vanW gene in vanG cluster
PROT_005790,3a6ab1ef77b3,dfrA21
PROT_005791,c29a14ba8174,cmx
PROT_005792,85f2003fc883,Pseudomonas aeruginosa catB7
PROT_005793,1fe4450e10d7,PmpM
PROT_005794,e55ded7beb9d,opmE
PROT_005795,534821688d77,mexQ
PROT_005796,59b37be4d88f,catB11
PROT_005797,2af0cb058071,QnrVC6
PROT_005798,d069429ed145,dfrA27
PROT_005799,90b75abece0a,ParS
PROT_005800,5f3332c3eb8a,cprS
PROT_005801,ad6c7c3295d3,vanW gene in vanG cluster
PROT_005802,e9d8b6a86d3c,bcr-1
PROT_005803,0fd864f760e0,cprS
PROT_005804,bb4626a05c5c,ParR
PROT_005805,cf075c9c4a82,vanW gene in vanG cluster
PROT_005806,f7959219ccd6,mexM
PROT_005807,5b4f10097df3,TriC
PROT_005808,eeeba4965854,TriA
PROT_005809,1d6dfe2e6866,Pseudomonas aeruginosa catB7
PROT_005810,96d452dbf1c5,MuxB
PROT_005811,194ad9ae6d82,bcr-1
PROT_005812,b526fa9dc83d,opmE
PROT_005813,172124579571,MuxC
PROT_005814,672d1e4446a7,TriC
PROT_005815,03945816a632,mexM
PROT_005816,c842abd592ba,PmpM
PROT_005817,643904315d0a,mexQ
PROT_005818,6e952b76f0c5,TriC
PROT_005819,b378a0e70da9,MuxA
PROT_005820,0a0bad16293f,OprA
PROT_005821,53399d2a0905,PER-4
PROT_005822,24b5d2ec6f8f,catB3
PROT_005823,72bc5b2f4355,mexM
PROT_005824,1d95a9fd7f0f,GES-15
PROT_005825,5e68ef465bc8,MuxC
PROT_005826,8aca3b185f73,mexP
PROT_005827,5258bc51bc00,opmE
PROT_005828,399aa0577fdf,Pseudomonas aeruginosa ampR with mutation conferring resistance to aztreonam
PROT_005829,551f2b6883bb,CTX-M-15
PROT_005830,30999c929edc,mexM
PROT_005831,a556e9e80ecf,KBL-1
PROT_005832,1853fc0a9ade,dfrA5
PROT_005833,1bfed067ca19,catB8
PROT_005834,af991c1a135a,aadA5
PROT_005835,3d909360b89c,MuxA
PROT_005836,5afde70c9e9b,GES-2
PROT_005837,f32f4c73669d,ParS
PROT_005838,bd328ad8790a,VEB-38
PROT_005839,29ce0585c1d3,dfrA5
PROT_005840,c91dbd8f4f12,aadA
PROT_005841,44af17c10565,sul1
PROT_005842,a08b6c8176cb,ArmR
PROT_005843,48ec56cdef62,mexP
PROT_005844,46af19c60b01,opmE
PROT_005845,c1219748f1eb,mexM
PROT_005846,0a2377ac6aa7,vanW gene in vanG cluster
PROT_005847,df9c225bdb58,vanW gene in vanG cluster
PROT_005848,983025cc1d0f,TriA
PROT_005849,9f59193245cd,mexP
PROT_005850,4ca2d867011e,bcr-1
PROT_005851,bc0d57293c4c,ParS
PROT_005852,97341880bdf0,SCO-1
PROT_005853,88a5211822be,QnrVC1
PROT_005854,6083c14c12f7,ParR
PROT_005855,dc3303c54a65,opmE
PROT_005856,b53e5b66717b,Pseudomonas aeruginosa catB7
PROT_005857,71355f5e98c6,mexM
PROT_005858,94a2dae4b208,mexN
PROT_005859,f8928e349d0b,ParS
PROT_005860,4b092fc83aa4,ParS
PROT_005861,2a23da6a50af,PmpM
PROT_005862,7f6010ec0740,aadA
PROT_005863,50036b8a27ff,adeF
PROT_005864,e1bc66381c23,opmE
PROT_005865,1a91151f708e,ParR
PROT_005866,7dc47008bc15,qacL
PROT_005867,76dca41f6076,mexN
PROT_005868,e3f9614bbd22,Pseudomonas aeruginosa emrE
PROT_005869,811340df2fe3,bcr-1
PROT_005870,48be0b77dc8b,opmE
PROT_005871,b15aabd68049,aadA7
PROT_005872,b5343fabb944,Pseudomonas aeruginosa CpxR
PROT_005873,5b61595b7466,Pseudomonas aeruginosa emrE
PROT_005874,56b05343209d,mphA
PROT_005875,96376783cea7,ParR
PROT_005876,ef3ab5d481c0,opmE
PROT_005877,4632ff741faa,mexQ
PROT_005878,f008b7054050,MuxC
PROT_005879,cb214f3c509d,Pseudomonas aeruginosa catB7
PROT_005880,db784c9ee3d8,cprS
PROT_005881,163708319ba5,TriB
PROT_005882,eb72d604c613,mexN
PROT_005883,9f1c3b0ff8a6,TriB
PROT_005884,f4fd86c44aa8,Pseudomonas aeruginosa catB7
PROT_005885,4eb7bee1e13f,mexQ
PROT_005886,54af7d911d09,MuxB
PROT_005887,ad5d65b5e748,TriC
PROT_005888,de34d063539e,mexP
PROT_005889,d6426a5cc79b,mexN
PROT_005890,5de82e444367,mexQ
PROT_005891,06928ffa8032,MuxC
PROT_005892,15456a440736,mexP
PROT_005893,a430f8465dd1,mexQ
PROT_005894,7d1410a57d6c,opmE
PROT_005895,000da969a888,MuxB
PROT_005896,b75cfa462a38,ParS
PROT_005897,acbacaa9f0a6,MuxA
PROT_005898,1eb465ab9eb5,MuxA
PROT_005899,2f068d480afc,mexN
PROT_005900,35aa3b96ec4d,opmE
PROT_005901,0a3f4ee59e21,mexP
PROT_005902,55f7779f61fd,ArmR
PROT_005903,de64accf736a,mexN
PROT_005904,d1628abb1351,PmpM
PROT_005905,0a00eec7490f,vanH gene in vanB cluster
PROT_005906,998d3fd1e88b,mexP
PROT_005907,94271832bc87,aadA
PROT_005908,d824ad92d6dc,ParS
PROT_005909,641d8ae2029f,aadA10
PROT_005910,74b21731b5c6,MuxA
PROT_005911,42d1431840de,Pseudomonas aeruginosa CpxR
PROT_005912,aeecd227fd03,PmpM
PROT_005913,c515c8fab99e,VEB-5
PROT_005914,98d5f92e4764,cprS
PROT_005915,f59b39f87527,bcr-1
PROT_005916,56b983750b8e,cprS
PROT_005917,e878d66885f7,GES-20
PROT_005918,7f91101c1a3f,TriC
PROT_005919,94cd6c1e4e7d,aadA6
PROT_005920,de594236d840,rsmA
PROT_005921,7089046514ff,opmE
PROT_005922,1e39b4975a67,mexQ
PROT_005923,4f033bd1f83b,TriC
PROT_005924,53a5097b1e0b,MuxA
PROT_005925,cabbe3fe5db0,Pseudomonas aeruginosa soxR
PROT_005926,10a0ea705ff4,MuxB
PROT_005927,3e4e3c5de331,cprS
PROT_005928,c358dc21322e,ParS
PROT_005929,a89fa6a2f1d2,opmE
PROT_005930,770cdbda20ce,MuxA
PROT_005931,4c5eee0f9a8e,mexQ
PROT_005932,34c2a2cf4bb9,bcr-1
PROT_005933,ea9cecc3d51b,mexN
PROT_005934,c4b0c96709d9,bcr-1
PROT_005935,bdab0111541c,opmE
PROT_005936,85a0e6c97d96,TriB
PROT_005937,e91053681577,cprS
PROT_005938,9b7e033e111b,vanW gene in vanG cluster
PROT_005939,cafbe04b936f,ParR
PROT_005940,e0729eef284f,ArmR
PROT_005941,74d12a441361,basR
PROT_005942,eb2426e96f18,mexN
PROT_005943,696e614ddcc2,bcr-1
PROT_005944,5e15c71ba2e6,opmE
PROT_005945,a82cee008660,mexQ
PROT_005946,494a8c23152a,cprS
PROT_005947,5d9a7bff6a22,Pseudomonas aeruginosa catB7
PROT_005948,d6ec46d183fd,bcr-1
PROT_005949,e2b406f6004a,mexN
PROT_005950,552038ea0e56,mexM
PROT_005951,8ae945093723,PmpM
PROT_005952,32e8ea0cf606,mexQ
PROT_005953,c8ddd7a36584,opmE
PROT_005954,56f024990f80,ParS
PROT_005955,509202880e20,mexQ
PROT_005956,bb4f7a4a9a89,MuxC
PROT_005957,fa543bfbfc4f,adeF
PROT_005958,21f2ff5012d6,Pseudomonas aeruginosa catB7
PROT_005959,e84b49393f43,vanW gene in vanG cluster
PROT_005960,cda7d06e95ae,ParS
PROT_005961,70d9d4eaffd0,ParR
PROT_005962,37e2b88ab9e8,mexM
PROT_005963,388b047f0225,vanW gene in vanG cluster
PROT_005964,3a9985e56936,ParR
PROT_005965,9f28a7bc0a0f,adeF
PROT_005966,2a29120039ca,mexM
PROT_005967,17244200580f,ParS
PROT_005968,72e64fd2cf4a,adeF
PROT_005969,9f3fcbdccb9f,mexQ
PROT_005970,69b7a31d61e7,ParS
PROT_005971,81c95c6a5bd9,bcr-1
PROT_005972,0ba100f0b1ef,TriC
PROT_005973,8969adfefe85,cprS
PROT_005974,6063ef4bad6e,mexQ
PROT_005975,27834212c5d8,TriA
PROT_005976,922a431e5ebf,mphE
PROT_005977,e5ce44a74c88,mexQ
PROT_005978,2b7670d05df4,ParR
PROT_005979,371a2944e31f,VEB-5
PROT_005980,204e35cbc2b1,aadA7
PROT_005981,8707e881dca6,opmE
PROT_005982,587373b7025f,MuxC
PROT_005983,1560bff76aed,MuxA
PROT_005984,974058738865,MuxA
PROT_005985,c29c41638381,mexN
PROT_005986,807fadad324b,catII
PROT_005987,206ceea96057,ParR
PROT_005988,a956ab44b7df,adeF
PROT_005989,82fa53561da4,mexQ
PROT_005990,4273e196be4b,mexM
PROT_005991,252271575f28,mexP
PROT_005992,3e0be4b25b14,bcr-1
PROT_005993,51fda560bd59,MuxB
PROT_005994,7fd4cdbdd4a9,TriA
PROT_005995,98e0027c69ab,mexN
PROT_005996,f4a30cf61cfa,ArmR
PROT_005997,a989028f4759,ParR
PROT_005998,89706e2aa167,mexN
PROT_005999,2c7aa6f7e373,mexQ
PROT_006000,e5a03a37242a,cprS
PROT_006001,692a2b3d331e,TriC
PROT_006002,df80bb75f88b,MuxC
PROT_006003,1c4f53a9e276,Pseudomonas aeruginosa CpxR
PROT_006004,cb8956c707f4,mexP
PROT_006005,768335921378,TriC
PROT_006006,19b284757ecf,bcr-1
PROT_006007,027def096ff2,cprS
PROT_006008,0f1a570daec7,MuxA
PROT_006009,ea863ae4a40c,MuxB
PROT_006010,dd44fbc14798,PmpM
PROT_006011,4538dfd51d96,basR
PROT_006012,f5a0902d79eb,cprS
PROT_006013,eb6a1f291c3d,SHV-5
PROT_006014,aceab38880c2,TriA
PROT_006015,4701035b4393,ParS
PROT_006016,e6de71295c58,aadA
PROT_006017,800b6f4fb638,dfrA1
PROT_006018,1ea97cec0ed9,MuxC
PROT_006019,909c18a2a928,mexP
PROT_006020,c2c0695afce4,opmE
PROT_006021,f5a481096488,mexM
PROT_006022,96073ca6b1b7,ParS
PROT_006023,a66cd43f2373,MuxA
PROT_006024,9d69219d4cae,MuxC
PROT_006025,95fef1e2955d,PmpM
PROT_006026,9615f177373f,mexQ
PROT_006027,f77b659675ec,adeF
PROT_006028,7aec3ba85500,MuxB
PROT_006029,2d9df2d0124f,adeF
PROT_006030,c53b7eb93182,adeF
PROT_006031,4b0c01b7e829,adeF
PROT_006032,24c4fa51fb30,adeF
PROT_006033,45fa1973e51e,adeF
PROT_006034,5c6b8ba2936e,bcr-1
PROT_006035,1325927ee91c,opmE
PROT_006036,5cd0196d5dda,mexQ
PROT_006037,72d3280f5e5a,cprS
PROT_006038,bceb88962a88,vanH gene in vanB cluster
PROT_006039,ae2e937921c9,TriB
PROT_006040,1640cfb6f03e,vanW gene in vanG cluster
PROT_006041,66d8daf78773,Pseudomonas aeruginosa emrE
PROT_006042,881e29685a54,vanW gene in vanG cluster
PROT_006043,b69ac985ad42,mexN
PROT_006044,7241e873bc73,mexQ
PROT_006045,557b1e309b3c,mexP
PROT_006046,29c38af29455,vanW gene in vanG cluster
PROT_006047,39ed97945134,qacJ
PROT_006048,65ee987781a1,mexM
PROT_006049,e84ce309861e,TriA
PROT_006050,40419fed1ab3,TriB
PROT_006051,3e6ca78d64dc,TriC
PROT_006052,a370c907b25e,vanW gene in vanG cluster
PROT_006053,4ce5d9d59f4c,AFM-1
PROT_006054,f29373a168ca,BRP(MBL)
PROT_006055,1024db757ed5,cprS
PROT_006056,421c3b68894a,mexM
PROT_006057,c2fae086a391,opmE
PROT_006058,caa7183845c7,MuxB
PROT_006059,9e22ccc72295,TriB
PROT_006060,29e57a5047f7,mexM
PROT_006061,312d5df73f9d,mexM
PROT_006062,1803f472ee06,TriA
PROT_006063,6562000e167e,MuxC
PROT_006064,4be5279d68c2,mexN
PROT_006065,e427d6a4f71f,ParR
PROT_006066,fc7b122b980e,TriA
PROT_006067,c31ca8ac6212,mexP
PROT_006068,3337b3932b9d,mexQ
PROT_006069,89f26b5ae329,MuxB
PROT_006070,aff8b6a3b296,mexN
PROT_006071,3b12609e1bd4,mexM
PROT_006072,de348ebdf55a,mexQ
PROT_006073,fc40b7530fac,mexQ
PROT_006074,e1c90323d195,MuxC
PROT_006075,e1c934ae94a7,vanW gene in vanG cluster
PROT_006076,69950c737987,TriA
PROT_006077,40bd7acfe155,mexQ
PROT_006078,73547529488a,cprS
PROT_006079,4b06556f7eb3,PmpM
PROT_006080,292edde667b9,Pseudomonas aeruginosa catB7
PROT_006081,83f8683b463d,cprS
PROT_006082,80a34a95208d,mexQ
PROT_006083,6622dae28949,SIM-1
PROT_006084,ea21a3406124,MuxB
PROT_006085,e4367fd1f743,ParS
PROT_006086,d34326a527e0,vanW gene in vanG cluster
PROT_006087,30e5ffbf960f,mexN
PROT_006088,17758d1f62c9,opmE
PROT_006089,be953bc00dfe,adeF
PROT_006090,dc254dadf361,Pseudomonas aeruginosa emrE
PROT_006091,61b79cbf72bf,ArmR
PROT_006092,5aa932d88c0a,mexM
PROT_006093,7c61bcf222e6,mexN
PROT_006094,983ca1a11946,mexM
PROT_006095,6ae714a3fe0f,Pseudomonas aeruginosa catB7
PROT_006096,1c2a217b7b32,opmE
PROT_006097,06e0d3382672,mexQ
PROT_006098,5a6ea2d90404,TriC
PROT_006099,11a15dec8a63,TriB
PROT_006100,b1343e243267,MuxC
PROT_006101,3885af9b66f5,MuxA
PROT_006102,ff3d58e60448,cprS
PROT_006103,396cca55b8b4,mexM
PROT_006104,648825546198,vanW gene in vanG cluster
PROT_006105,d62747617835,bcr-1
PROT_006106,6626485aa16e,mexQ
PROT_006107,bc6fb3b57bf7,ParS
PROT_006108,73da79da60cc,DfrB9
PROT_006109,be9f290b921b,basR
PROT_006110,dcb2ed4c7a25,Pseudomonas aeruginosa catB7
PROT_006111,0e4007dc355e,MuxC
PROT_006112,da5b047daece,mexM
PROT_006113,742566b19c0d,mexN
PROT_006114,71801f5b85f1,mexQ
PROT_006115,181588d6def7,PmpM
PROT_006116,6947e1b647b1,aadA23
PROT_006117,209a5633a772,AFM-2
PROT_006118,3259006c32ad,arr-3
PROT_006119,059089ff4f1a,cmlA8
PROT_006120,2dc104ac448b,QnrVC4
PROT_006121,2acd4418ff93,adeF
PROT_006122,080b1d1ddbc1,PmpM
PROT_006123,9a9d6997ccec,TriB
PROT_006124,2a67187d3261,YajC
PROT_006125,f88e0ae3d4b6,ParS
PROT_006126,098c82dc0772,opmE
PROT_006127,84e19287e70c,mexQ
PROT_006128,9b8333451a6c,mexP
PROT_006129,504138422494,adeF
PROT_006130,f14a2d1c5f29,MuxB
PROT_006131,b847d2ff5943,adeF
PROT_006132,0b94e962e12f,TriC
PROT_006133,28b9419318c0,vanW gene in vanG cluster
PROT_006134,da6b01c02eae,mexQ
PROT_006135,078928029efa,MuxB
PROT_006136,6120cd13432d,mexN
PROT_006137,3fe59361a1dd,MuxC
PROT_006138,52e0303a5ad8,bcr-1
PROT_006139,d9cf19359a2f,opmE
PROT_006140,6a32950f9949,MuxC
PROT_006141,31faac550f92,ParS
PROT_006142,6f1c5a7867bc,ParR
PROT_006143,668731a3b2ef,ParR
PROT_006144,1e5c671208f3,Pseudomonas aeruginosa CpxR
PROT_006145,247fb0271ade,vanW gene in vanG cluster
PROT_006146,be081c007132,PmpM
PROT_006147,bf8d1c7e1e1b,mexN
PROT_006148,7af081a5ca4c,YajC
PROT_006149,9e9c110c69e7,TriC
PROT_006150,a76d5c49f992,opmE
PROT_006151,4454fb3646d2,mexP
PROT_006152,321056aefc5a,mexM
PROT_006153,c6e96277c3e0,mexM
PROT_006154,8f04070995df,mexM
PROT_006155,798103770502,cprS
PROT_006156,7755da49187f,mexM
PROT_006157,ce4f3dae68ef,ParS
PROT_006158,e91d5c2bd187,mexN
PROT_006159,77076d86ba1a,TriC
PROT_006160,a3f4798774d0,MuxB
PROT_006161,831e07abc05d,bcr-1
PROT_006162,3fd9f1ed40a2,mexM
PROT_006163,c6214ec732e0,TriC
PROT_006164,23535c1b2a1d,MuxC
PROT_006165,f086396938a6,MuxC
PROT_006166,aee728d3ba83,VEB-34
PROT_006167,3eb3faa50510,tet(C)
PROT_006168,60847eff38ca,mexQ
PROT_006169,9dee9248f96c,mexQ
PROT_006170,5b08b36936b0,PmpM
PROT_006171,c4458f40df3d,sul1
PROT_006172,6bef2a60f960,adeF
PROT_006173,dd5a96e35d45,mexN
PROT_006174,59ec4ccffcd7,ParS
PROT_006175,54b8e0b3fcd3,qacJ
PROT_006176,dd1948db59e4,aadA
PROT_006177,3dbe7393f6e1,basR
PROT_006178,e5c84009fbdc,bcr-1
PROT_006179,6cb54d6057a0,mexP
PROT_006180,28205222d839,mexQ
PROT_006181,1b43528f9dad,Pseudomonas aeruginosa emrE
PROT_006182,69e5fb71cac5,Pseudomonas aeruginosa catB7
PROT_006183,5d63fd0707de,vanW gene in vanG cluster
PROT_006184,875ecd300bd7,mexM
PROT_006185,49b801b203dc,ParS
PROT_006186,e579d9362a68,bcr-1
PROT_006187,3652fe4f2359,adeF
PROT_006188,d2f87edc14a0,TriC
PROT_006189,cbb2cab61fa0,qacJ
PROT_006190,3d5909773ed5,mexM
PROT_006191,2eb4e8414cb1,MuxB
PROT_006192,543d28ec746f,mexM
PROT_006193,c67da0f87702,ParS
PROT_006194,91aa5f9b34cf,opmE
PROT_006195,4baed27b8bbd,mexM
PROT_006196,f07dfc175c31,Pseudomonas aeruginosa catB7
PROT_006197,43d27bc8b925,MuxB
PROT_006198,7ffc7b8f870c,TriC
PROT_006199,57ff44050f92,PmpM
PROT_006200,d2ec567b8a57,mexN
PROT_006201,e0a35e04ce51,MuxA
PROT_006202,99b6f9325d68,adeF
PROT_006203,77419fa8591c,PmpM
PROT_006204,fbf9793419cd,TriC
PROT_006205,5c9f208755e8,mexN
PROT_006206,e8e6dcef825f,basR
PROT_006207,607ef61a8b1b,opmE
PROT_006208,0723aed91295,vanW gene in vanG cluster
PROT_006209,500ef2604b97,bcr-1
PROT_006210,f4acfb9f7c54,opmE
PROT_006211,13488babbe78,MuxB
PROT_006212,828142c3be3a,PmpM
PROT_006213,8d8ef3fa86e1,ParS
PROT_006214,eae1c98f9cab,mexQ
PROT_006215,2707a0d89461,opmE
PROT_006216,b317eada0e1d,MuxB
PROT_006217,a246717aea16,adeF
PROT_006218,0fe2d71303c9,MuxC
PROT_006219,afda1b67b0bb,MuxC
PROT_006220,2641405c6003,mexQ
PROT_006221,0032bc8c5037,adeF
PROT_006222,b7367263dd77,mexM
PROT_006223,91a62656e567,adeF
PROT_006224,19040a25d9f1,Pseudomonas aeruginosa soxR
PROT_006225,ad38a8ad27fb,adeF
PROT_006226,961eb6ccabca,adeF
PROT_006227,57b24e99d029,mexQ
PROT_006228,74890bc2d461,Pseudomonas aeruginosa soxR
PROT_006229,0eb5cc92c317,ParS
PROT_006230,a0b6dd18f2af,mexM
PROT_006231,d0a98ccb95e7,mexN
PROT_006232,107eff36b6fb,vanH gene in vanB cluster
PROT_006233,b104f866a948,cprS
PROT_006234,d754d85d417e,MuxB
PROT_006235,efd0c49e7b74,PmpM
PROT_006236,4e27106cfba8,MuxC
PROT_006237,876e476917db,MuxB
PROT_006238,72236c0da7f7,adeF
PROT_006239,15f0a0e1c7af,MuxB
PROT_006240,e3047d2fe082,qacL
PROT_006241,5a1e1edfc750,vanW gene in vanG cluster
PROT_006242,02a75effbcb2,mexM
PROT_006243,0e8ba5169c18,ParS
PROT_006244,21eadb7ef8cc,bcr-1
PROT_006245,ed148933980d,adeF
PROT_006246,51a7541f897c,cprS
PROT_006247,b039dc98b135,Pseudomonas aeruginosa catB7
PROT_006248,be1648bf8a4d,cprS
PROT_006249,1fb1ef98c05f,opmE
PROT_006250,690bc8c34533,mexQ
PROT_006251,f2ff5779fe53,mexN
PROT_006252,62f36921cbee,mexM
PROT_006253,5913133d000b,opmE
PROT_006254,0385abe83363,mexQ
PROT_006255,e336d4c45c6e,cprS
PROT_006256,950923d3daa6,MuxC
PROT_006257,99b045387804,vanH gene in vanB cluster
PROT_006258,bbbb2b9c4475,PmpM
PROT_006259,f595dcdf133e,MuxA
PROT_006260,8a119ef389b4,Pseudomonas aeruginosa catB7
PROT_006261,11bdde3e47ac,vanW gene in vanG cluster
PROT_006262,410bcfe8a321,opmE
PROT_006263,29d3245db29c,mexQ
PROT_006264,b361376aca60,ParS
PROT_006265,51cac2ef8866,MuxA
PROT_006266,caf54dfeba0e,vanW gene in vanG cluster
PROT_006267,ccd06d004b6e,TriC
PROT_006268,d46d6c6ba831,mexM
PROT_006269,b99504adcc2f,MuxA
PROT_006270,2b69493d45ec,ParS
PROT_006271,fd5aee441aee,mexM
PROT_006272,ad9c6ef3d6f3,ParS
PROT_006273,9eea2bc0e0c9,MuxA
PROT_006274,8de1cd69492d,TriC
PROT_006275,b81c4df6982d,mexM
PROT_006276,16c16b7ec52a,ParS
PROT_006277,6da18cd1928c,mexM
PROT_006278,519acf0128cd,ParR
PROT_006279,f8fffc773e3f,bcr-1
PROT_006280,1e57865f9c89,qacEdelta1
PROT_006281,931c5f9b525d,dfrA15
PROT_006282,b34ebc9eb89d,cmlB1
PROT_006283,544e27bf8eff,MuxB
PROT_006284,4f313cc178d6,cprS
PROT_006285,52bba8b18793,mexQ
PROT_006286,6393479c7880,opmE
PROT_006287,f490e9c71a4b,mexN
PROT_006288,8e28b2337940,MuxB
PROT_006289,d74c96eb2a63,basR
PROT_006290,9546726f27c7,ParR
PROT_006291,9c842bcdb1f8,aadA8
PROT_006292,bac302a14ce3,mexM
PROT_006293,24ec78f2e701,bcr-1
PROT_006294,8a4abf0bd945,mexQ
PROT_006295,3445115eba31,vanW gene in vanG cluster
PROT_006296,16c8cdb53f0a,vanH gene in vanB cluster
PROT_006297,13f9511616c6,mexQ
PROT_006298,2890de72a060,MuxC
PROT_006299,340edbd10145,TriA
PROT_006300,7077a77b63ad,TriB
PROT_006301,ab61aaca3a31,TriC
PROT_006302,5d75e6c78de2,opmE
PROT_006303,72de89a5afaa,MuxC
PROT_006304,931ce311aa16,mexN
PROT_006305,62137d75357b,MuxB
PROT_006306,a6aaad77daaf,opmE
PROT_006307,e3a6ff787e27,bcr-1
PROT_006308,49ffaaa5fc82,mexM
PROT_006309,da5996e6a353,ArmR
PROT_006310,198e40276ae1,cprS
PROT_006311,33c75a76e357,aadA
PROT_006312,792e9dd170e9,MuxB
PROT_006313,1e409db3dace,aadA
PROT_006314,3b2fe29b6e9c,ParS
PROT_006315,e9d6aa5f1b85,cprS
PROT_006316,a65771189e5e,ArmR
PROT_006317,cf353e10f2c7,cprS
PROT_006318,fb039077bbbb,MuxC
PROT_006319,776948e47597,TriC
PROT_006320,5328e42a83b7,vanW gene in vanG cluster
PROT_006321,27d3b35fc0e9,TriC
PROT_006322,d0267d3af34c,MuxC
PROT_006323,4af35b0b75c8,adeF
PROT_006324,f585427b011b,mexM
PROT_006325,516ae11d13d3,MuxB
PROT_006326,786f2e589243,mexM
PROT_006327,57aabb592054,mexM
PROT_006328,495184baa881,ParR
PROT_006329,556b00ef3837,bcr-1
PROT_006330,786db1682832,ParR
PROT_006331,1a32e6a10e7c,ParS
PROT_006332,e0f647ad93bc,adeF
PROT_006333,1139af64fc5b,Pseudomonas aeruginosa catB7
PROT_006334,710446db4925,rsmA
PROT_006335,f2b28d90b246,MuxA
PROT_006336,3cc251d57b97,ParR
PROT_006337,73e950944175,MuxB
PROT_006338,1509633db21b,Pseudomonas aeruginosa catB7
PROT_006339,93d767d6de39,ParS
PROT_006340,b73e51a2d9d6,aadA6
PROT_006341,79367d0d3eba,dfrA10
PROT_006342,dbbeae6fde2d,VEB-1
PROT_006343,7325bae71cb3,aadA15
PROT_006344,dace7f2713f7,ParR
PROT_006345,57ee58c7003e,ParS
PROT_006346,0c25dca14c1c,MuxB
PROT_006347,afe8367a3c52,ParS
PROT_006348,5d0beb98a67b,PmpM
PROT_006349,0df563ead259,mexM
PROT_006350,7db43b0306e4,TriB
PROT_006351,c2af06f92156,ParR
PROT_006352,814db5d7fb56,mexM
PROT_006353,027e00343f05,mexQ
PROT_006354,14c23ee95f32,mexM
PROT_006355,c3f0bdff4b77,mexM
PROT_006356,7c2bd2091396,ParR
PROT_006357,be8beb70c884,adeF
PROT_006358,45347054fe9d,mexN
PROT_006359,eaa763310476,PmpM
PROT_006360,54abc07fb380,OprA
PROT_006361,99ba33716122,MuxC
PROT_006362,b5cd1c9a7154,mexN
PROT_006363,25823f5f40d2,vanW gene in vanG cluster
PROT_006364,5a9ea2efe667,bcr-1
PROT_006365,7ff0f33440d9,OprA
PROT_006366,94e30082591c,MuxA
PROT_006367,2f49dcea737a,MuxB
PROT_006368,e4c311af7120,ParS
PROT_006369,ec61c32012f0,ParR
PROT_006370,2271a3b2f76a,opmE
PROT_006371,1bfcd450ad79,cprS
PROT_006372,5bcd3b5fa88a,MuxA
PROT_006373,c3c0531fc1f8,MuxB
PROT_006374,e5fe8f05da0d,ParS
PROT_006375,be05bf773336,mexM
PROT_006376,3d650329363d,vanW gene in vanG cluster
PROT_006377,f65eda814b7d,MuxC
PROT_006378,eeb25fd0fdda,mexQ
PROT_006379,6e8e7bdcb009,mexP
PROT_006380,888580559473,Pseudomonas aeruginosa catB7
PROT_006381,1e5e03556db7,mexN
PROT_006382,8a1d0fd9a107,ParR
PROT_006383,b3975f58a6a9,bcr-1
PROT_006384,6be9cf1166dd,Pseudomonas aeruginosa ampR with mutation conferring resistance to aztreonam
PROT_006385,cfb335ddcec6,TriC
PROT_006386,b57a67a6ca82,MuxB
PROT_006387,9d162a7b0e06,mexM
PROT_006388,a45687c7b57e,opmE
PROT_006389,99808f501bea,mexQ
PROT_006390,97b376499eed,bcr-1
PROT_006391,ad6c1c49573a,mexN
PROT_006392,551fb02dc031,TriC
PROT_006393,989c70c9eafd,bcr-1
PROT_006394,e8e3286d2fc1,opmE
PROT_006395,a8e531850a72,TriB
PROT_006396,a409dc7da11b,TriA
PROT_006397,0521db2e6264,opmE
PROT_006398,f71416fa492c,MuxC
PROT_006399,0bbe1177accf,Pseudomonas aeruginosa catB7
PROT_006400,2d7656d94710,MuxC
PROT_006401,4e82f375aabc,TriC
PROT_006402,07af33ead0c0,opmE
PROT_006403,6ba08cc37a7b,mexN
PROT_006404,2734a6c52a24,bcr-1
PROT_006405,dfe8288b6381,PmpM
PROT_006406,049f22d3f7e8,MuxB
PROT_006407,dd00a2276cc0,ParS
PROT_006408,f617c3a5aa6c,dfrA14
PROT_006409,dc7ec29ade4c,QnrB1
PROT_006410,cf704fb66333,BLMT
PROT_006411,28ce6f6f9e50,mexM
PROT_006412,4a9a8a1d64c9,TriA
PROT_006413,938d27a20bf8,mexM
PROT_006414,be973d523c00,opmE
PROT_006415,0205efa05420,mexQ
PROT_006416,a1481ae1a78e,ParS
PROT_006417,414cb1aaee4e,PmpM
PROT_006418,871f46aa7435,bcr-1
PROT_006419,ac67cfc6ce60,mexN
PROT_006420,0dba9ca66e57,tet(A)
PROT_006421,cea5a3a2c1da,mexN
PROT_006422,8ab20bf779a5,dfrA12
PROT_006423,f8b3c057df44,aadA12
PROT_006424,25d195749111,vanH gene in vanB cluster
PROT_006425,02553c3b28c4,aadA16
PROT_006426,c9d41268967c,QnrB6
PROT_006427,b2aebe886a4e,mexQ
PROT_006428,05c16cef50c2,mexP
PROT_006429,03264eafaf91,bcr-1
PROT_006430,702ac660e04a,NPS-1
PROT_006431,60cbd28b6d57,cmlA6
PROT_006432,0e16c9ce90a1,CARB-4
PROT_006433,56b408f858c5,MuxC
PROT_006434,99e9b6758a68,MuxA
PROT_006435,2261fc5c995e,ParR
PROT_006436,b46618c12069,mexM
PROT_006437,0f013a092266,mexQ
PROT_006438,141b34c1abce,mexP
PROT_006439,e0274212b342,bcr-1
PROT_006440,c0f96e2c3dad,aadA6
PROT_006441,4cf5fd7b2f60,GES-16
PROT_006442,0c4bb3349824,TriB
PROT_006443,6ae0f5e627a8,Pseudomonas aeruginosa catB7
PROT_006444,ec8a3c84bb6a,MuxB
PROT_006445,b12bf4dbfc99,cprS
PROT_006446,943d6744ff4c,TriC
PROT_006447,50769e462ef6,mexP
PROT_006448,e8c09d9c2608,Pseudomonas aeruginosa catB7
PROT_006449,01d46ec9ec6d,aadA11
PROT_006450,3cbf895fb621,mexP
PROT_006451,7ed7f0bb736c,TriC
PROT_006452,90247d2c97c8,aadA13
PROT_006453,f27b703b9ad5,cprS
PROT_006454,4abc72e40b23,vanH gene in vanB cluster
PROT_006455,a991d0160e1e,ParS
PROT_006456,f2a5df44bad5,ParR
PROT_006457,1426d09c42b3,Pseudomonas aeruginosa catB7
PROT_006458,f574a321b77e,Pseudomonas aeruginosa soxR
PROT_006459,4829ef11a362,TriC
PROT_006460,37b0d1c7f177,TriC
PROT_006461,bea038559b36,adeF
PROT_006462,1d385b02d719,Pseudomonas aeruginosa ampR with mutation conferring resistance to aztreonam
PROT_006463,c40f94b9b3fe,rsmA
PROT_006464,2559394854f1,MuxB
PROT_006465,79b37b6b070f,Pseudomonas aeruginosa ampR with mutation conferring resistance to aztreonam
PROT_006466,424008f24ba1,opmE
PROT_006467,76634b98097f,MuxC
PROT_006468,361c2639818b,Pseudomonas aeruginosa catB7
PROT_006469,6adbd65095e7,ParS
PROT_006470,87b1dd1a119a,mexM
PROT_006471,b3ec8469ae10,ArmR
PROT_006472,9230b9534ad6,TriB
PROT_006473,c8bfb9aede1c,MuxB
PROT_006474,69cd9f30fbdf,mexM
PROT_006475,f01d3b108014,ParS
PROT_006476,f08aedc0cecb,tet(A)
PROT_006477,b8a0d5c7ec40,mexN
PROT_006478,93618dfb83df,mexP
PROT_006479,1a2b31aafec7,ParS
PROT_006480,844c593980ed,ParS
PROT_006481,67fef8ca73f5,mexQ
PROT_006482,80df6c762fab,TriA
PROT_006483,8bbb409b3892,opmE
PROT_006484,5153f0541620,Pseudomonas aeruginosa soxR
PROT_006485,98d7de33b79c,vanW gene in vanG cluster
PROT_006486,2601bfda60f8,Pseudomonas aeruginosa catB7
PROT_006487,27c96264182f,mexP
PROT_006488,de86156b7354,ParS
PROT_006489,9606d8d6fa6a,TriB
PROT_006490,7577aee99c53,Pseudomonas aeruginosa CpxR
PROT_006491,0adc5dbea48f,mexQ
PROT_006492,c6c1290a2409,mexN
PROT_006493,bb317528eeed,vanW gene in vanG cluster
PROT_006494,23583e0ec901,MuxB
PROT_006495,2f4afaeafc71,mexQ
PROT_006496,0225e83152c8,aadA13
PROT_006497,39cccbb6e7d1,Pseudomonas aeruginosa soxR
PROT_006498,2b60bf5ee11f,cprS
PROT_006499,e74932a3e153,vanH gene in vanA cluster
PROT_006500,76e151b0eccf,TriA
PROT_006501,c093208e2113,vanW gene in vanG cluster
PROT_006502,7b2af7d647a1,cprS
PROT_006503,fcaa4cefd743,Pseudomonas aeruginosa catB7
PROT_006504,90f702001fae,Pseudomonas aeruginosa CpxR
PROT_006505,185041d25b34,mexM
PROT_006506,a524474887fb,mexM
PROT_006507,d38c887c61aa,mexN
PROT_006508,1e3b6aec1866,opmE
PROT_006509,608304b676b1,TriB
PROT_006510,845549acb07b,adeF
PROT_006511,98a8c1836b4f,RSC1-1
PROT_006512,36b3d6817b0f,mexM
PROT_006513,19328f81d3dc,cprS
PROT_006514,b6f4f7a7af68,Pseudomonas aeruginosa catB7
PROT_006515,e01d0d6f6ba7,mexQ
PROT_006516,4ab59ccae89a,Pseudomonas aeruginosa catB7
PROT_006517,25d71d96c359,MuxC
PROT_006518,5a41e66237b2,adeF
PROT_006519,27f213760b8f,qacG
PROT_006520,39dc19e73872,mexQ
PROT_006521,fc0fadf81500,vanW gene in vanG cluster
PROT_006522,b4ff99355d85,mexQ
PROT_006523,2b3df25b6801,vanW gene in vanG cluster
PROT_006524,eca8692f4770,ParR
PROT_006525,c6b8f831d96d,mexP
PROT_006526,d7c6abbfecca,floR
PROT_006527,71874e364201,basR
PROT_006528,1cdc661129b1,MuxC
PROT_006529,960b573e2371,mexN
PROT_006530,648e3e69964f,mexN
PROT_006531,b1916e02a019,TriC
PROT_006532,1baeefba6fd5,MuxC
PROT_006533,06169d7c0028,bcr-1
PROT_006534,265e2d67634c,MuxA
PROT_006535,0ad65fa7f5de,ParR
PROT_006536,e794e453b5bb,ParS
PROT_006537,20d973ff5355,mexP
PROT_006538,bb2f8e280507,mexQ
PROT_006539,d146108b6b95,PmpM
PROT_006540,36e7d33570b8,mexN
PROT_006541,46ffae72ecf8,mexM
PROT_006542,592705db906d,arr-4
PROT_006543,8b268cfd634f,mexN
PROT_006544,abe9c5190274,PmpM
PROT_006545,80b3a43e7a53,CTX-M-2
PROT_006546,a3bbad040977,mexN
PROT_006547,20a740a2bece,ParR
PROT_006548,751bdb06fa95,mexM
PROT_006549,2e39c1750984,ParR
PROT_006550,a8c64d10f75d,vanW gene in vanG cluster
PROT_006551,3aa7a4025bfb,MuxC
PROT_006552,5b931cab505e,MuxB
PROT_006553,1c1988f8a9a0,mexM
PROT_006554,1814e650ce78,Pseudomonas aeruginosa catB7
PROT_006555,73427fc0642d,mexN
PROT_006556,86410aca984e,ParS
PROT_006557,e5f3b2493723,Pseudomonas aeruginosa CpxR
PROT_006558,e717657ee323,bcr-1
PROT_006559,86cf7a615dee,TriC
PROT_006560,c7098bf539ef,Pseudomonas aeruginosa CpxR
PROT_006561,e3f2ea9717e6,mexM
PROT_006562,72d739305134,opmE
PROT_006563,0634d8115185,mexN
PROT_006564,584ae8cefc26,vanW gene in vanG cluster
PROT_006565,f7e673922a04,PmpM
PROT_006566,7dd8da5366dc,bcr-1
PROT_006567,6aa3cf2c1088,vanH gene in vanB cluster
PROT_006568,24fee57173b4,mexQ
PROT_006569,37c1f6394742,bcr-1
PROT_006570,18fbd7bea10b,MuxB
PROT_006571,7650f199f161,TriB
PROT_006572,7ff1353e2a67,bcr-1
PROT_006573,ccddb9f222f8,vanW gene in vanG cluster
PROT_006574,f316b2889c8e,opmE
PROT_006575,bc7a37ad3f5b,PmpM
PROT_006576,cd0d5c8ac67a,bcr-1
PROT_006577,91a823c4d72a,adeF
PROT_006578,90e80aebcf76,ParR
PROT_006579,98a7e02b0f3c,mexM
PROT_006580,fc948d543576,bcr-1
PROT_006581,b5f44fc8f74a,mexP
PROT_006582,8704fd3c333f,MuxC
PROT_006583,cd3e194b7696,PmpM
PROT_006584,6b1d1f7e92dc,TriC
PROT_006585,70eaf2fe07d9,ParR
PROT_006586,fa7c8102b37f,Pseudomonas aeruginosa soxR
PROT_006587,48345ed90a02,mexM
PROT_006588,a4df848fada5,bcr-1
PROT_006589,88d7a8bef4d2,mexM
PROT_006590,cc2a072d361e,mexM
PROT_006591,a3cc6f376f07,TriC
PROT_006592,01ac903be1bf,MuxC
PROT_006593,f060a20e7e47,Pseudomonas aeruginosa catB7
PROT_006594,79c4a48371a0,ParS
PROT_006595,4bafc367cd5e,opmE
PROT_006596,d9c280e629b7,mexQ
PROT_006597,1c960bb936c8,cprS
PROT_006598,efe96278de48,mexM
PROT_006599,9c0a815db402,aadA
PROT_006600,1176e39dc20f,MuxB
PROT_006601,9c955727af7c,aadA4
PROT_006602,d6b432e7ddee,ParS
PROT_006603,009e67f4dc1d,aadA4
PROT_006604,62873fe71030,ParR
PROT_006605,51b4a993dae4,ParR
PROT_006606,0fcbe691450b,ParR
PROT_006607,bda79c46c9e4,TriB
PROT_006608,1546879df7e9,MuxC
PROT_006609,ed38ac67dcbd,cprS
PROT_006610,8abaab53479a,Pseudomonas aeruginosa catB7
PROT_006611,c556f8a56e50,MuxA
PROT_006612,370dbc176102,ParS
PROT_006613,a7cf2c8d27b3,mexQ
PROT_006614,36129b4196e3,opmE
PROT_006615,9e03bb5610da,MuxB
